time,open,high,low,close,volume,vwap,count
2024-02-05 00:00:00+00:00,42591.3,43489.0,42250.9,42650.0,1582.95704238,42767.9,20053
2024-02-06 00:00:00+00:00,42650.0,43339.7,42530.3,43085.0,1340.59799225,42972.6,17580
2024-02-07 00:00:00+00:00,43085.0,44362.0,42763.7,44333.6,3765.68949635,43484.3,23295
2024-02-08 00:00:00+00:00,44333.7,45606.2,44333.7,45329.6,3551.71897942,44941.7,29430
2024-02-09 00:00:00+00:00,45329.6,48188.5,45258.8,47127.0,5688.46558971,46918.2,44582
2024-02-10 00:00:00+00:00,47127.1,48154.0,46900.0,47773.2,1605.66098504,47442.9,18326
2024-02-11 00:00:00+00:00,47766.2,48590.0,47580.9,48295.0,1781.36073625,48225.7,21288
2024-02-12 00:00:00+00:00,48295.0,50339.5,47642.0,49943.7,5147.57339488,49395.0,37650
2024-02-13 00:00:00+00:00,49943.7,50390.2,48240.0,49755.4,3982.47498943,49357.1,30280
2024-02-14 00:00:00+00:00,49750.1,52136.8,49255.2,51835.1,4718.31045495,51182.4,43123
2024-02-15 00:00:00+00:00,51835.2,52843.0,51335.2,51947.1,4193.46649497,52023.5,39762
2024-02-16 00:00:00+00:00,51947.1,52574.2,51625.0,52185.3,2064.57876753,52071.8,24426
2024-02-17 00:00:00+00:00,52185.3,52192.0,50581.2,51700.0,2108.88563124,51375.1,22226
2024-02-18 00:00:00+00:00,51700.1,52392.1,51231.1,52156.3,1645.27261209,51856.2,20234
2024-02-19 00:00:00+00:00,52157.1,52475.6,51704.8,51771.1,1628.6291871,52151.9,20670
2024-02-20 00:00:00+00:00,51771.2,52991.8,50663.7,52270.1,4612.93475308,51926.9,31235
2024-02-21 00:00:00+00:00,52270.1,52359.9,50636.4,51866.9,2178.54135636,51351.3,28718
2024-02-22 00:00:00+00:00,51866.9,52035.0,50890.2,51300.1,1926.74006003,51575.2,24141
2024-02-23 00:00:00+00:00,51300.1,51472.4,50456.0,50739.4,1510.21978084,51031.4,22003
2024-02-24 00:00:00+00:00,50739.4,51650.0,50589.7,51554.5,942.00205046,51204.8,15680
2024-02-25 00:00:00+00:00,51554.5,51936.7,51300.0,51733.8,1220.61894467,51686.3,14195
2024-02-26 00:00:00+00:00,51733.8,54920.0,50950.0,54525.4,5241.13945742,53151.3,43438
2024-02-27 00:00:00+00:00,54525.4,57572.6,54478.8,57072.6,5285.87451429,56401.0,50826
2024-02-28 00:00:00+00:00,57066.2,64015.8,56000.4,62487.8,10911.28773542,60364.4,106181
2024-02-29 00:00:00+00:00,62489.8,63583.5,60108.8,61180.9,6805.48164512,61917.9,70008
2024-03-01 00:00:00+00:00,61180.9,63150.0,60800.1,62434.3,3522.12836667,62082.1,37012
2024-03-02 00:00:00+00:00,62434.3,62500.0,61663.3,62033.7,2212.55763597,62076.8,22204
2024-03-03 00:00:00+00:00,62028.6,63255.0,61400.0,63178.2,1592.02456275,62450.3,26888
2024-03-04 00:00:00+00:00,63178.3,68521.0,62262.0,68323.1,6106.3085254,65990.5,70168
2024-03-05 00:00:00+00:00,68338.6,69218.0,59150.0,63802.3,10647.21710186,65181.0,112409
2024-03-06 00:00:00+00:00,63805.2,67635.3,62876.6,66098.9,4896.523842,66093.6,58924
2024-03-07 00:00:00+00:00,66098.9,68050.0,65668.0,66936.5,3147.25047656,67131.9,43026
2024-03-08 00:00:00+00:00,66936.7,70000.0,65200.0,68333.0,4438.29990823,68167.0,60515
2024-03-09 00:00:00+00:00,68333.0,68657.4,68047.8,68459.1,964.99996567,68374.9,21161
2024-03-10 00:00:00+00:00,68459.1,69981.0,68254.9,69040.1,2360.95657907,69351.8,38143
2024-03-11 00:00:00+00:00,69040.1,72866.4,67187.3,72100.0,5547.01813187,71317.5,62666
2024-03-12 00:00:00+00:00,72100.1,73000.0,68660.2,71484.7,3980.18577146,71246.7,56539
2024-03-13 00:00:00+00:00,71480.8,73666.5,71336.1,73082.4,2818.46739181,72897.1,40002
2024-03-14 00:00:00+00:00,73089.7,73734.0,68554.9,71371.2,4983.78363201,71119.1,55646
2024-03-15 00:00:00+00:00,71371.3,72500.0,65600.0,69488.8,5903.81785283,68474.4,81362
2024-03-16 00:00:00+00:00,69488.9,69999.0,64802.6,65249.6,2550.190718,67524.4,41076
2024-03-17 00:00:00+00:00,65249.6,68815.6,64555.0,68355.6,2581.90048305,66955.8,36130
2024-03-18 00:00:00+00:00,68355.6,68898.3,66569.4,67600.0,2892.32240992,67649.5,38800
2024-03-19 00:00:00+00:00,67600.0,68075.0,61537.5,61908.4,6851.4328518,64246.8,69108
2024-03-20 00:00:00+00:00,61905.3,68137.3,60778.2,67866.0,6500.53270463,64528.6,63905
2024-03-21 00:00:00+00:00,67866.1,68238.0,64564.4,65499.9,2710.17809746,66469.8,36754
2024-03-22 00:00:00+00:00,65500.0,66614.8,62204.1,63810.1,2845.9453118,64187.7,38432
2024-03-23 00:00:00+00:00,63810.0,65970.0,63050.4,64034.5,1933.65360997,64604.1,25782
2024-03-24 00:00:00+00:00,64034.4,67614.8,63825.0,67193.9,1806.6128305,65623.2,29362
2024-03-25 00:00:00+00:00,67199.1,71217.1,66438.4,69950.0,4434.31051831,69172.9,46157
2024-03-26 00:00:00+00:00,69950.1,71557.7,69116.8,70000.1,2600.32974153,70297.5,33710
2024-03-27 00:00:00+00:00,70000.1,71746.9,68366.5,69437.3,3899.00360403,69737.3,36854
2024-03-28 00:00:00+00:00,69437.2,71546.3,68800.0,70742.2,3156.06986933,70498.1,31994
2024-03-29 00:00:00+00:00,70742.2,70911.4,69128.7,69917.1,1885.11342092,70036.3,25085
2024-03-30 00:00:00+00:00,69917.0,70354.4,69607.6,69652.0,669.4307169,70007.6,16293
2024-03-31 00:00:00+00:00,69652.0,71323.9,69600.0,71306.8,1097.39096998,70484.6,17719
2024-04-01 00:00:00+00:00,71306.7,71306.8,68101.0,69681.1,2039.09077986,69424.3,30706
2024-04-02 00:00:00+00:00,69681.1,69699.9,64572.7,65457.6,3892.19127401,66237.0,49119
2024-04-03 00:00:00+00:00,65457.6,66902.0,64541.2,65991.5,1507.14098717,65986.8,27797
2024-04-04 00:00:00+00:00,65991.4,69354.7,65116.1,68527.4,2782.22826481,67608.9,35929
2024-04-05 00:00:00+00:00,68527.4,68755.0,66004.5,67856.5,3264.19092426,67382.6,38198
2024-04-06 00:00:00+00:00,67856.5,69693.1,67513.7,68908.6,1622.37758547,68374.4,21772
2024-04-07 00:00:00+00:00,68908.6,70300.0,68888.0,69386.1,1592.35234659,69470.7,25350
2024-04-08 00:00:00+00:00,69386.0,72731.5,69114.5,71650.0,3524.06053669,71499.5,35795
2024-04-09 00:00:00+00:00,71650.1,71738.0,68263.2,69159.9,3982.98709625,69884.8,33120
2024-04-10 00:00:00+00:00,69159.9,71100.1,67500.0,70612.2,2906.12976057,69036.9,31855
2024-04-11 00:00:00+00:00,70612.3,71250.9,69600.1,70046.4,1971.1214094,70441.8,24454
2024-04-12 00:00:00+00:00,70046.4,71200.0,65118.0,67205.2,5854.23308811,68195.0,57182
2024-04-13 00:00:00+00:00,67199.8,67946.1,60495.0,64042.4,5688.40092704,64635.8,70957
2024-04-14 00:00:00+00:00,64018.6,65835.1,62665.7,65700.0,2418.68585252,64206.6,32825
2024-04-15 00:00:00+00:00,65700.0,66898.7,62355.9,63408.4,3187.66710088,64681.1,37021
2024-04-16 00:00:00+00:00,63441.8,64341.9,61551.0,63832.6,3089.16803046,62906.5,35941
2024-04-17 00:00:00+00:00,63832.6,64444.0,59700.0,61284.4,3856.04073894,61725.9,44574
2024-04-18 00:00:00+00:00,61284.4,64142.7,60857.6,63509.1,2723.02362572,62587.9,33781
2024-04-19 00:00:00+00:00,63499.5,65499.9,59666.0,63849.1,4458.81980276,63454.9,47188
2024-04-20 00:00:00+00:00,63846.0,65424.1,63164.0,64993.7,2049.04182914,64565.4,22742
2024-04-21 00:00:00+00:00,64993.8,65715.3,64281.0,64953.6,1341.96718412,64972.5,20250
2024-04-22 00:00:00+00:00,64953.0,67200.0,64543.1,66831.4,2626.8865329,66108.5,30124
2024-04-23 00:00:00+00:00,66831.4,67190.0,65853.8,66419.8,1878.08289759,66444.0,22754
2024-04-24 00:00:00+00:00,66419.8,67000.0,63583.4,64291.3,2418.73244785,65300.8,30431
2024-04-25 00:00:00+00:00,64291.3,65300.0,62743.5,64489.1,2429.37373644,64094.3,26865
2024-04-26 00:00:00+00:00,64489.1,64760.8,63338.4,63750.8,1618.43949102,64157.3,20807
2024-04-27 00:00:00+00:00,63750.8,63893.0,62396.6,63425.0,1349.33386371,62951.9,20574
2024-04-28 00:00:00+00:00,63425.1,64301.0,62785.8,63114.9,767.9538549,63630.5,14007
2024-04-29 00:00:00+00:00,63114.1,64125.0,61774.6,63822.1,1659.82104486,62792.1,23883
2024-04-30 00:00:00+00:00,63822.1,64738.3,59110.0,60610.0,4103.94734501,61334.5,46707
2024-05-01 00:00:00+00:00,60610.0,60775.0,56378.0,58272.2,5815.31538446,57940.7,56786
2024-05-02 00:00:00+00:00,58272.3,59602.1,56929.9,59124.1,2549.0291634,58540.8,31233
2024-05-03 00:00:00+00:00,59113.2,63284.0,58848.7,62925.8,3761.9953227,61260.1,33396
2024-05-04 00:00:00+00:00,62925.8,64500.0,62550.4,63895.3,2487.05794265,63484.9,23702
2024-05-05 00:00:00+00:00,63898.0,64646.7,62937.0,64067.5,1244.95349901,63860.6,16729
2024-05-06 00:00:00+00:00,64067.5,65500.0,62720.2,63161.7,2920.39142681,63916.2,28788
2024-05-07 00:00:00+00:00,63161.7,64332.9,62305.0,62325.0,2316.13898234,63483.0,24651
2024-05-08 00:00:00+00:00,62325.0,62966.2,60888.9,61172.1,1624.82227794,62076.5,26541
2024-05-09 00:00:00+00:00,61172.1,63418.5,60650.7,63051.9,1439.28575126,62101.3,25942
2024-05-10 00:00:00+00:00,63052.0,63521.1,60220.2,60794.6,2069.44661807,61688.7,30694
2024-05-11 00:00:00+00:00,60790.8,61437.2,60484.0,60805.0,792.96458373,60987.9,13638
2024-05-12 00:00:00+00:00,60805.0,61800.0,60638.9,61444.6,668.22060849,61299.3,11630
2024-05-13 00:00:00+00:00,61444.6,63400.0,60773.2,62910.0,1728.04946494,62568.2,25694
2024-05-14 00:00:00+00:00,62910.0,63075.0,61000.0,61568.6,1843.73972575,61746.4,25935
2024-05-15 00:00:00+00:00,61568.6,66450.0,61325.4,66233.0,4260.46874397,64534.2,44050
2024-05-16 00:00:00+00:00,66233.1,66700.0,64557.0,65228.4,2547.4399975,65616.2,29516
2024-05-17 00:00:00+00:00,65228.4,67443.0,65121.1,67043.5,2179.14176715,66599.4,29398
2024-05-18 00:00:00+00:00,67043.6,67362.9,66620.4,66920.0,565.40186442,66969.3,14082
2024-05-19 00:00:00+00:00,66920.1,67984.0,65922.0,66262.4,1096.64003357,67000.1,18556
2024-05-20 00:00:00+00:00,66262.5,71464.9,66111.0,71408.1,3168.46551312,68873.5,44283
2024-05-21 00:00:00+00:00,71399.0,71896.4,69202.0,70145.1,2366.52579535,70623.9,34455
2024-05-22 00:00:00+00:00,70145.1,70594.2,68725.2,69144.0,2667.19208346,69785.5,26690
2024-05-23 00:00:00+00:00,69144.1,70500.0,66250.0,67940.8,3538.19855776,68577.2,34662
2024-05-24 00:00:00+00:00,67947.0,69285.3,66652.4,68539.1,1803.19203512,68100.1,24678
2024-05-25 00:00:00+00:00,68541.0,69608.3,68540.6,69278.7,627.9022252,69056.2,14226
2024-05-26 00:00:00+00:00,69278.7,69461.2,67971.1,68476.4,481.57199102,68926.9,14241
2024-05-27 00:00:00+00:00,68474.4,70600.0,68266.6,69377.8,1340.86348323,69531.7,23310
2024-05-28 00:00:00+00:00,69377.8,69509.6,67243.1,68324.9,1727.62002411,68161.5,25966
2024-05-29 00:00:00+00:00,68325.0,68843.3,67100.0,67575.4,1916.8414627,67781.8,21965
2024-05-30 00:00:00+00:00,67575.4,69550.0,67099.9,68365.0,2098.19011204,68503.7,25159
2024-05-31 00:00:00+00:00,68365.0,69000.0,66652.4,67498.1,1214.31751664,67756.6,22910
2024-06-01 00:00:00+00:00,67498.1,67817.9,67383.3,67717.2,262.42915492,67655.1,9996
2024-06-02 00:00:00+00:00,67717.2,68379.9,67283.0,67729.1,686.52833716,67858.9,12673
2024-06-03 00:00:00+00:00,67729.2,70253.4,67636.9,68800.0,1647.26346475,69135.8,25377
2024-06-04 00:00:00+00:00,68800.0,71050.0,68600.1,70558.6,2378.57312613,70079.6,26623
2024-06-05 00:00:00+00:00,70558.7,71709.0,70378.9,71103.6,2163.80748451,71096.3,25310
2024-06-06 00:00:00+00:00,71116.3,71596.5,70100.0,70752.1,1460.01352187,70986.6,19241
2024-06-07 00:00:00+00:00,70752.1,71900.0,68409.0,69317.0,2531.8726325,70490.2,32830
2024-06-08 00:00:00+00:00,69317.1,69511.2,69138.0,69291.5,601.46220651,69345.9,12379
2024-06-09 00:00:00+00:00,69291.5,69809.8,69155.3,69649.9,421.24841694,69520.8,12724
2024-06-10 00:00:00+00:00,69649.9,70142.5,69186.7,69522.1,1227.00068662,69627.2,17436
2024-06-11 00:00:00+00:00,69522.2,69558.7,66059.3,67348.6,2498.48126829,67317.9,33800
2024-06-12 00:00:00+00:00,67348.6,69969.0,66923.0,68233.7,1900.53489755,68567.0,29809
2024-06-13 00:00:00+00:00,68233.7,68412.0,66244.9,66756.5,1247.85112117,67176.0,24196
2024-06-14 00:00:00+00:00,66756.4,67275.7,65075.0,65992.1,1703.77477408,66086.1,27955
2024-06-15 00:00:00+00:00,65992.1,66405.3,65794.7,66198.1,447.31797306,66186.6,12834
2024-06-16 00:00:00+00:00,66198.1,66868.7,66020.0,66635.4,542.32670314,66468.1,10249
2024-06-17 00:00:00+00:00,66630.0,67267.0,65110.0,66487.6,1178.55800856,66100.0,22430
2024-06-18 00:00:00+00:00,66487.7,66556.5,64050.0,65169.7,2452.72181677,65111.8,34259
2024-06-19 00:00:00+00:00,65169.7,65660.1,64700.0,64949.0,645.03059222,65112.4,15441
2024-06-20 00:00:00+00:00,64949.1,66444.7,64550.0,64833.3,1301.88144048,65330.0,19343
2024-06-21 00:00:00+00:00,64833.3,64999.9,63335.6,64087.9,1178.24286298,64028.4,22945
2024-06-22 00:00:00+00:00,64088.0,64442.5,63932.2,64253.0,355.67535869,64264.8,9469
2024-06-23 00:00:00+00:00,64253.0,64496.6,63176.0,63176.1,554.13121587,63970.5,12521
2024-06-24 00:00:00+00:00,63176.1,63277.8,58448.0,60297.0,3701.59188295,60748.3,46612
2024-06-25 00:00:00+00:00,60297.1,62364.8,60245.0,61794.0,1534.90147875,61359.5,25162
2024-06-26 00:00:00+00:00,61794.1,62454.4,60689.9,60815.1,827.76878602,61379.0,19898
2024-06-27 00:00:00+00:00,60815.2,62297.8,60580.7,61617.1,878.31549593,61491.3,20197
2024-06-28 00:00:00+00:00,61617.1,62100.0,59942.7,60319.6,880.35674383,60940.8,21465
2024-06-29 00:00:00+00:00,60319.6,61102.1,60307.7,60860.0,495.32479065,60859.3,11596
2024-06-30 00:00:00+00:00,60860.0,62916.3,60660.7,62680.3,819.171369,61800.8,15253
2024-07-01 00:00:00+00:00,62680.4,63798.9,62489.9,62858.5,1408.61107175,63155.0,23148
2024-07-02 00:00:00+00:00,62858.6,63168.6,61747.0,62019.9,924.08073447,62231.5,20035
2024-07-03 00:00:00+00:00,62020.0,62178.9,59341.6,60146.6,1615.05745394,60374.0,31614
2024-07-04 00:00:00+00:00,60146.6,60399.3,56777.0,57021.1,2727.52009454,58052.2,42227
2024-07-05 00:00:00+00:00,57031.4,57520.4,53563.3,56650.1,4102.76018281,55566.8,53763
2024-07-06 00:00:00+00:00,56650.1,58468.0,56028.6,58234.9,995.59225603,57066.3,18053
2024-07-07 00:00:00+00:00,58234.9,58396.7,55727.7,55845.4,940.57443934,57128.8,19203
2024-07-08 00:00:00+00:00,55845.4,58129.8,54301.3,56699.3,2283.59009877,56161.1,31517
2024-07-09 00:00:00+00:00,56699.3,58245.2,56325.2,58001.6,1412.64260222,57493.7,24721
2024-07-10 00:00:00+00:00,58001.6,59474.1,57154.1,57743.1,1511.28549023,58130.0,28726
2024-07-11 00:00:00+00:00,57742.1,59500.0,57075.5,57350.0,1532.40446222,58136.7,25327
2024-07-12 00:00:00+00:00,57350.0,58494.9,56593.3,57911.4,1135.13837554,57563.0,24512
2024-07-13 00:00:00+00:00,57911.5,59836.5,57784.1,59222.8,985.88672616,58741.8,16359
2024-07-14 00:00:00+00:00,59222.8,61373.5,59222.8,60810.0,1537.75585929,60078.6,22028
2024-07-15 00:00:00+00:00,60810.0,64900.0,60704.5,64764.2,2989.71251023,63119.7,38137
2024-07-16 00:00:00+00:00,64764.3,65416.3,62466.0,65088.7,3185.16204963,64315.2,46923
2024-07-17 00:00:00+00:00,65077.1,66100.3,63853.1,64120.0,1952.5629658,64968.4,30598
2024-07-18 00:00:00+00:00,64120.1,65097.1,63225.5,63960.7,1495.39840213,64122.8,22956
2024-07-19 00:00:00+00:00,63960.7,67429.0,63350.0,66708.9,2068.88597692,65974.4,33655
2024-07-20 00:00:00+00:00,66708.9,67612.9,66301.4,67166.1,878.57703216,66962.5,21176
2024-07-21 00:00:00+00:00,67166.1,68313.0,65857.0,68137.1,1510.0800522,67262.3,26488
2024-07-22 00:00:00+00:00,68137.2,68531.4,66600.0,67595.1,1381.72971405,67670.2,30477
2024-07-23 00:00:00+00:00,67595.2,67761.1,65458.8,65900.8,2538.76002268,66334.1,33824
2024-07-24 00:00:00+00:00,65900.8,67098.3,65134.4,65367.0,1565.37594373,66027.5,23358
2024-07-25 00:00:00+00:00,65360.4,66090.9,63427.5,65795.4,1783.90500659,64561.0,29923
2024-07-26 00:00:00+00:00,65794.2,69000.0,65755.6,67914.7,2487.78967158,67318.8,35371
2024-07-27 00:00:00+00:00,67914.7,69398.3,66624.3,67900.8,3068.23357372,68310.0,41232
2024-07-28 00:00:00+00:00,67912.9,68282.0,67090.9,68250.0,995.06551127,67742.1,17384
2024-07-29 00:00:00+00:00,68250.0,69985.0,66429.9,66755.3,2738.33894061,68162.0,44411
2024-07-30 00:00:00+00:00,66755.4,66973.7,65337.5,66175.1,1726.18820443,66247.3,27016
2024-07-31 00:00:00+00:00,66175.1,66799.9,64524.6,64638.1,1565.48572184,65782.4,31057
2024-08-01 00:00:00+00:00,64638.1,65550.0,62250.0,65300.0,2421.32198213,63816.6,41316
2024-08-02 00:00:00+00:00,65300.1,65500.0,61205.0,61409.9,2656.60031785,63379.6,39943
2024-08-03 00:00:00+00:00,61410.0,62126.7,59826.5,60688.5,2560.01992687,61035.2,34330
2024-08-04 00:00:00+00:00,60688.6,61040.4,57176.3,58103.0,1993.41704536,59114.9,33118
2024-08-05 00:00:00+00:00,58103.1,58270.3,49111.0,54006.5,10612.00555526,52908.5,135740
2024-08-06 00:00:00+00:00,54012.4,57056.5,53978.6,56080.0,3145.82396579,55873.3,46055
2024-08-07 00:00:00+00:00,56080.0,57720.8,54556.5,55091.0,2780.75950654,56166.4,42119
2024-08-08 00:00:00+00:00,55138.1,62700.0,54760.3,61704.7,3570.74854621,58958.1,47336
2024-08-09 00:00:00+00:00,61701.9,61732.2,59572.9,60859.9,3535.85878338,60603.9,35746
2024-08-10 00:00:00+00:00,60859.9,61444.6,60284.3,60951.7,745.15375745,60844.5,18724
2024-08-11 00:00:00+00:00,60951.8,61800.0,58329.9,58717.7,1657.2962015,59900.6,26464
2024-08-12 00:00:00+00:00,58717.7,60658.4,57690.0,59359.9,1772.47497441,59074.0,35652
2024-08-13 00:00:00+00:00,59359.5,61555.0,58441.2,60600.0,2442.99193825,60028.1,32890
2024-08-14 00:00:00+00:00,60600.1,61773.4,58500.0,58693.6,2297.26406239,60047.6,28085
2024-08-15 00:00:00+00:00,58693.7,59885.4,56117.7,57554.9,2578.85459852,58113.0,31098
2024-08-16 00:00:00+00:00,57555.0,59800.0,57100.9,58898.4,1659.79839491,58591.9,24337
2024-08-17 00:00:00+00:00,58895.6,59682.2,58812.4,59473.3,456.34171482,59359.2,11820
2024-08-18 00:00:00+00:00,59473.4,60234.4,58451.6,58466.5,812.95931566,59703.1,16003
2024-08-19 00:00:00+00:00,58466.5,59593.0,57860.8,59493.7,1313.0208045,58625.6,22221
2024-08-20 00:00:00+00:00,59493.7,61391.9,58572.7,59023.3,2101.76376736,59981.6,32159
2024-08-21 00:00:00+00:00,59023.3,61800.0,58844.0,61179.7,2153.31118019,60416.4,27946
2024-08-22 00:00:00+00:00,61179.8,61416.7,59805.7,60391.1,1586.14888616,60654.8,24398
2024-08-23 00:00:00+00:00,60391.1,64950.9,60390.0,64087.4,3155.25945614,62572.4,37763
2024-08-24 00:00:00+00:00,64087.5,64481.2,63641.0,64176.0,953.24449315,64113.2,19980
2024-08-25 00:00:00+00:00,64176.1,65070.7,63834.5,64288.1,707.02067492,64304.4,17564
2024-08-26 00:00:00+00:00,64288.1,64455.5,62851.0,62854.7,1136.40633879,63589.7,25632
2024-08-27 00:00:00+00:00,62851.1,63200.0,58009.6,59458.0,2317.8799107,60980.2,35201
2024-08-28 00:00:00+00:00,59458.0,60216.2,57870.8,59025.6,1959.75911169,59207.7,31780
2024-08-29 00:00:00+00:00,59025.6,61143.1,58717.4,59385.5,1464.07565396,59960.2,24266
2024-08-30 00:00:00+00:00,59385.5,59899.0,57755.0,59105.0,1521.27611375,58775.5,26903
2024-08-31 00:00:00+00:00,59110.0,59443.0,58736.9,58972.3,558.76100338,59102.1,15276
2024-09-01 00:00:00+00:00,58972.3,59026.7,57210.0,57321.2,1772.08376068,58115.5,25731
2024-09-02 00:00:00+00:00,57318.5,59388.0,57124.2,59128.6,1728.8002215,58224.2,22894
2024-09-03 00:00:00+00:00,59128.7,59773.0,57406.4,57497.6,1444.7019588,58269.9,25883
2024-09-04 00:00:00+00:00,57482.4,58508.0,55617.7,57970.0,2253.64124921,57167.3,37422
2024-09-05 00:00:00+00:00,57970.1,58285.9,55601.5,56163.9,2115.36409133,56667.6,33646
2024-09-06 00:00:00+00:00,56163.9,56964.1,52569.0,53948.3,3806.68584457,54852.3,55000
2024-09-07 00:00:00+00:00,53948.3,54810.2,53739.0,54146.4,1015.36745899,54166.4,21584
2024-09-08 00:00:00+00:00,54146.5,55317.6,53636.6,54856.8,980.64078512,54448.7,19909
2024-09-09 00:00:00+00:00,54856.9,58050.8,54580.3,57062.7,1806.65055351,56169.0,30804
2024-09-10 00:00:00+00:00,57062.7,58000.0,56440.2,57630.0,1234.54187638,57115.3,20562
2024-09-11 00:00:00+00:00,57630.0,57990.0,55548.1,57350.6,2108.12975023,56884.3,25601
2024-09-12 00:00:00+00:00,57350.7,58546.4,57339.0,58133.1,1392.83982615,58013.4,23323
2024-09-13 00:00:00+00:00,58133.4,60657.4,57658.3,60581.0,2992.83088973,59117.1,32440
2024-09-14 00:00:00+00:00,60581.1,60650.0,59478.3,60000.1,1011.96700566,60124.5,18220
2024-09-15 00:00:00+00:00,60000.2,60350.0,58679.1,59135.1,911.81154664,59668.2,15589
2024-09-16 00:00:00+00:00,59135.1,59176.7,57488.7,58197.2,1394.86006272,58225.5,23357
2024-09-17 00:00:00+00:00,58197.3,61300.0,57619.9,60317.2,2381.81722631,60050.4,31003
2024-09-18 00:00:00+00:00,60317.1,61777.7,59164.6,61777.7,2374.42823592,60292.5,34518
2024-09-19 00:00:00+00:00,61777.7,63840.0,61599.2,62922.1,2674.7679481,62800.1,32072
2024-09-20 00:00:00+00:00,62922.2,64087.0,62373.3,63210.2,2234.54850294,63164.5,37364
2024-09-21 00:00:00+00:00,63210.3,63539.5,62801.0,63376.1,1769.28073004,63133.4,25270
2024-09-22 00:00:00+00:00,63376.1,64000.0,62440.6,63615.2,2192.35369043,63025.9,30771
2024-09-23 00:00:00+00:00,63615.2,64777.3,62643.0,63332.4,2429.20341709,63661.3,35701
2024-09-24 00:00:00+00:00,63332.4,64681.0,62739.4,64271.8,1731.18720351,63693.7,31760
2024-09-25 00:00:00+00:00,64271.9,64770.0,62917.4,63139.2,1472.03011434,63719.7,26683
2024-09-26 00:00:00+00:00,63139.2,65764.9,62673.3,65183.5,2376.40345616,64774.8,33061
2024-09-27 00:00:00+00:00,65179.3,66452.8,64841.2,65788.9,1580.52059663,65752.7,25987
2024-09-28 00:00:00+00:00,65788.8,66218.7,65475.7,65878.4,434.17709796,65772.9,14053
2024-09-29 00:00:00+00:00,65862.7,66055.0,65474.4,65610.0,541.96337683,65707.2,13312
2024-09-30 00:00:00+00:00,65610.1,65610.1,62883.9,63338.5,1812.35809052,64055.1,31199
2024-10-01 00:00:00+00:00,63325.0,64100.0,60203.4,60819.1,2632.62350634,62147.0,38700
2024-10-02 00:00:00+00:00,60819.1,62350.0,60000.0,60635.3,1636.61948719,61198.3,27659
2024-10-03 00:00:00+00:00,60643.9,61467.5,59850.0,60739.6,1794.05177805,60652.7,28987
2024-10-04 00:00:00+00:00,60739.7,62470.0,60451.6,62081.0,1614.92871105,61725.4,26302
2024-10-05 00:00:00+00:00,62081.0,62328.3,61700.0,62049.0,543.8720812,61997.1,13125
2024-10-06 00:00:00+00:00,62048.5,62921.0,61824.9,62809.3,558.72425339,62396.7,15811
2024-10-07 00:00:00+00:00,62809.4,64419.3,62150.8,62234.6,1753.12946058,63375.5,32701
2024-10-08 00:00:00+00:00,62221.1,63180.2,61825.4,62117.9,1451.97055407,62446.2,28769
2024-10-09 00:00:00+00:00,62120.6,62493.0,60300.0,60558.0,1425.15802177,61611.2,28558
2024-10-10 00:00:00+00:00,60558.0,61237.4,58888.0,60279.5,1660.04543018,60051.3,28717
2024-10-11 00:00:00+00:00,60275.9,63414.5,60063.4,62502.5,1956.73441154,62164.4,38754
2024-10-12 00:00:00+00:00,62502.5,63445.0,62495.0,63184.0,687.2439732,63013.0,27088
2024-10-13 00:00:00+00:00,63184.9,63273.0,62029.9,62834.9,808.19554302,62646.6,15709
2024-10-14 00:00:00+00:00,62834.9,66400.0,62465.0,66025.5,2419.74862017,65033.8,61236
2024-10-15 00:00:00+00:00,66025.6,67871.1,64686.1,67060.5,3990.01286365,66193.6,49705
2024-10-16 00:00:00+00:00,67056.0,68328.6,66751.5,67589.9,1989.74847719,67655.5,33858
2024-10-17 00:00:00+00:00,67590.0,67899.9,66644.5,67407.8,1581.80315377,67208.4,31915
2024-10-18 00:00:00+00:00,67407.8,68980.3,67189.9,68440.3,1519.44740947,68262.2,32011
2024-10-19 00:00:00+00:00,68440.2,68632.7,68062.2,68374.9,402.00012426,68291.9,15819
2024-10-20 00:00:00+00:00,68375.0,69315.0,68129.4,69010.5,696.12320319,68665.6,20673
2024-10-21 00:00:00+00:00,69010.5,69447.8,66838.6,67385.1,2249.69267837,67857.8,42900
2024-10-22 00:00:00+00:00,67385.1,67750.0,66564.4,67387.6,1332.15318315,67223.0,33260
2024-10-23 00:00:00+00:00,67384.2,67407.5,65199.0,66633.4,1637.67388406,66212.5,38619
2024-10-24 00:00:00+00:00,66630.5,68794.2,66452.2,68170.1,1711.06407067,67708.6,37956
2024-10-25 00:00:00+00:00,68170.1,68699.0,65531.0,66606.8,1962.900885,67272.8,46344
2024-10-26 00:00:00+00:00,66606.8,67348.4,66364.0,67026.0,551.1168065,66949.2,19066
2024-10-27 00:00:00+00:00,67026.1,68196.0,66850.4,67941.2,669.93058797,67532.6,16686
2024-10-28 00:00:00+00:00,67941.3,70200.0,67535.0,69911.9,2663.61172521,69066.4,41072
2024-10-29 00:00:00+00:00,69912.0,73574.9,69720.1,72661.0,3112.48180118,71932.3,60478
2024-10-30 00:00:00+00:00,72661.0,72887.9,71400.0,72331.1,1750.94496989,72180.5,41109
2024-10-31 00:00:00+00:00,72331.1,72662.0,69602.0,70250.1,1855.72917608,71115.7,34927
2024-11-01 00:00:00+00:00,70250.1,71576.0,68810.0,69490.1,2425.4916887,69793.3,42761
2024-11-02 00:00:00+00:00,69490.1,69858.8,69060.0,69300.0,803.13883973,69444.7,19256
2024-11-03 00:00:00+00:00,69300.9,69363.3,67483.7,68748.7,2115.26348924,68293.5,35315
2024-11-04 00:00:00+00:00,68748.7,69430.6,66836.0,67783.3,1544.56123278,68181.7,30935
2024-11-05 00:00:00+00:00,67787.8,70482.0,67481.4,69382.7,2008.23627213,69409.3,30812
2024-11-06 00:00:00+00:00,69382.7,76457.6,69341.0,75642.0,8946.48732813,73794.8,69815
2024-11-07 00:00:00+00:00,75642.1,76937.5,74500.0,75949.2,3152.67539089,75634.4,41516
2024-11-08 00:00:00+00:00,75949.3,77242.0,75713.0,76550.4,2322.42184749,76473.4,32788
2024-11-09 00:00:00+00:00,76550.5,76911.0,75785.2,76728.3,1025.99230375,76430.8,23283
2024-11-10 00:00:00+00:00,76728.3,81480.7,76569.9,80423.3,4998.42665424,79484.9,64789
2024-11-11 00:00:00+00:00,80423.3,89600.0,80299.9,88737.6,7092.85736454,85246.6,93436
2024-11-12 00:00:00+00:00,88737.5,89920.0,85136.0,88087.3,6817.99545766,87946.7,85465
2024-11-13 00:00:00+00:00,88087.3,93435.0,86258.0,90490.9,7626.54566803,90290.9,77561
2024-11-14 00:00:00+00:00,90496.8,91780.0,86621.9,87313.2,6252.08697742,89304.9,61715
2024-11-15 00:00:00+00:00,87314.4,91850.0,87135.0,91062.0,3879.47146166,89507.4,48562
2024-11-16 00:00:00+00:00,91062.0,91750.0,90149.0,90555.1,1466.32281088,91055.2,32817
2024-11-17 00:00:00+00:00,90567.7,91399.0,88728.6,89850.0,1823.63907979,90074.6,31062
2024-11-18 00:00:00+00:00,89850.0,92607.2,89400.0,90507.9,3681.7495448,91095.2,49941
2024-11-19 00:00:00+00:00,90508.0,94000.0,90424.6,92376.1,4118.94491548,92538.5,53877
2024-11-20 00:00:00+00:00,92376.1,94925.0,91636.1,94364.5,3479.27477537,93840.6,55062
2024-11-21 00:00:00+00:00,94356.8,98999.0,94135.0,98496.0,4985.84908294,97273.1,79873
2024-11-22 00:00:00+00:00,98496.0,99650.0,97218.3,99000.0,3342.09282648,98798.5,62203
2024-11-23 00:00:00+00:00,99000.0,99000.0,97219.2,97759.1,1822.84995162,98254.7,44494
2024-11-24 00:00:00+00:00,97759.1,98607.4,95751.2,97994.1,1713.90019572,97321.1,42023
2024-11-25 00:00:00+00:00,97994.1,98880.0,92550.0,93000.0,4287.35322125,95745.7,55562
2024-11-26 00:00:00+00:00,93000.1,94995.0,90736.0,91914.5,3988.70968177,92714.5,53132
2024-11-27 00:00:00+00:00,91914.6,97387.9,91818.3,95952.9,3676.00390362,95222.0,45972
2024-11-28 00:00:00+00:00,95946.8,96652.0,94653.6,95637.8,1141.15914588,95402.0,29180
2024-11-29 00:00:00+00:00,95637.8,98670.1,95385.7,97478.7,2810.05076582,97171.8,39756
2024-11-30 00:00:00+00:00,97478.7,97491.2,96185.0,96456.2,724.351026,96780.0,25479
2024-12-01 00:00:00+00:00,96456.3,97850.0,95754.4,97244.6,790.57085383,97032.8,23454
2024-12-02 00:00:00+00:00,97245.0,98135.3,94450.0,95853.3,2076.03930234,95999.1,45724
2024-12-03 00:00:00+00:00,95853.3,96267.2,93565.1,95917.5,1750.12703242,95229.8,45943
2024-12-04 00:00:00+00:00,95917.5,99213.9,94656.9,98757.1,4007.40945935,97143.5,61942
2024-12-05 00:00:00+00:00,98757.1,104015.5,91800.0,97087.3,8398.16065969,100544.9,124693
2024-12-06 00:00:00+00:00,97087.3,101995.0,96510.3,99872.9,2727.15514037,99498.0,51565
2024-12-07 00:00:00+00:00,99873.0,100501.4,99000.0,99899.9,829.88174542,99808.4,29512
2024-12-08 00:00:00+00:00,99900.0,101400.0,98699.7,101170.0,1101.24140085,99953.9,30667
2024-12-09 00:00:00+00:00,101170.0,101214.3,94140.9,97399.9,2874.85666097,97783.0,66973
2024-12-10 00:00:00+00:00,97337.0,98267.9,94314.1,96655.1,2459.10248253,96577.8,54424
2024-12-11 00:00:00+00:00,96655.1,101900.0,95754.0,101177.0,2523.39702118,99772.0,49508
2024-12-12 00:00:00+00:00,101177.1,102500.0,99296.6,100050.1,1955.43808408,100804.3,48609
2024-12-13 00:00:00+00:00,100050.1,101905.2,99250.0,101483.1,1358.12451422,100874.7,36197
2024-12-14 00:00:00+00:00,101483.1,102637.2,100666.0,101400.1,926.63654907,101606.7,27948
2024-12-15 00:00:00+00:00,101400.1,105000.0,101222.5,104355.2,2036.39517524,103100.5,36649
2024-12-16 00:00:00+00:00,104355.3,107777.0,103319.4,106067.2,4525.54878744,105762.5,69654
2024-12-17 00:00:00+00:00,106070.2,108297.6,105124.0,106151.9,4684.88958375,106666.1,51877
2024-12-18 00:00:00+00:00,106152.0,106489.3,100027.8,100166.1,3014.79303894,102962.4,56882
2024-12-19 00:00:00+00:00,100166.1,102750.0,95586.4,97431.4,3582.99338433,99042.3,76206
2024-12-20 00:00:00+00:00,97431.5,98064.7,92159.0,97781.8,3145.57762405,95648.3,61835
2024-12-21 00:00:00+00:00,97781.8,99575.4,96359.8,97232.6,1158.06359574,97786.6,35915
2024-12-22 00:00:00+00:00,97232.7,97321.3,94201.1,95101.9,843.50640738,95729.4,26527
2024-12-23 00:00:00+00:00,95101.9,96403.0,92417.0,94699.4,1608.13292536,94202.2,44002
2024-12-24 00:00:00+00:00,94699.4,99400.0,93500.0,98647.2,1533.79982235,96925.7,39941
2024-12-25 00:00:00+00:00,98647.2,99411.6,97600.0,99310.8,681.61047112,98493.5,30576
2024-12-26 00:00:00+00:00,99328.2,99821.8,95139.1,95645.0,1286.63045412,96427.2,35677
2024-12-27 00:00:00+00:00,95660.9,97308.6,93300.0,94148.9,1781.17817466,95369.6,45144
2024-12-28 00:00:00+00:00,94147.6,95497.0,94033.5,95204.1,447.87195123,94625.4,21419
2024-12-29 00:00:00+00:00,95204.1,95204.1,92860.7,93551.0,698.54712674,94069.1,22934
2024-12-30 00:00:00+00:00,93551.0,94858.7,91256.6,92611.3,2168.29172819,92857.6,42406
2024-12-31 00:00:00+00:00,92611.3,96040.0,91934.1,93370.9,1697.95041413,94050.7,34489
2025-01-01 00:00:00+00:00,93370.8,94888.0,92588.1,94380.8,576.16221881,93775.3,25886
2025-01-02 00:00:00+00:00,94380.9,97719.9,94167.2,96805.2,1727.87834504,96494.6,40932
2025-01-03 00:00:00+00:00,96805.3,98888.0,96034.1,98111.1,1520.22829624,97693.7,32349
2025-01-04 00:00:00+00:00,98111.1,98714.8,97548.4,98208.9,630.75266227,97996.0,23359
2025-01-05 00:00:00+00:00,98208.9,98750.0,97250.0,98306.2,437.30434173,97970.2,18687
2025-01-06 00:00:00+00:00,98306.3,102479.6,97974.0,102222.0,2276.11065977,100991.5,50951
2025-01-07 00:00:00+00:00,102222.0,102759.3,96100.0,96932.2,2322.87122789,98488.5,46693
2025-01-08 00:00:00+00:00,96932.2,97232.8,92501.0,95060.4,2675.62697608,94834.8,54862
2025-01-09 00:00:00+00:00,95060.1,95251.1,91168.5,92531.7,2567.92194993,92924.8,46660
2025-01-10 00:00:00+00:00,92523.5,95771.2,92200.0,94698.8,2409.34482421,94075.7,48670
2025-01-11 00:00:00+00:00,94698.9,94986.6,93865.0,94562.1,315.42363614,94437.8,18922
2025-01-12 00:00:00+00:00,94562.1,95300.0,93652.2,94449.9,432.7113658,94576.1,22557
2025-01-13 00:00:00+00:00,94450.0,95808.2,89005.8,94487.1,3303.02566784,91915.9,69218
2025-01-14 00:00:00+00:00,94487.1,97302.9,94313.0,96560.1,1407.26000359,96139.8,43145
2025-01-15 00:00:00+00:00,96560.1,100731.7,96500.0,100496.4,2160.29010015,98844.9,46331
2025-01-16 00:00:00+00:00,100496.5,100700.0,97333.0,99976.7,1764.68463636,99508.6,40996
2025-01-17 00:00:00+00:00,99976.7,105883.0,99952.8,104089.8,3507.92883752,103572.2,60471
2025-01-18 00:00:00+00:00,104089.8,104907.3,102222.0,104382.0,1776.25333653,103738.3,36012
2025-01-19 00:00:00+00:00,104382.0,106246.6,99538.2,101191.1,4231.21213917,103853.3,73121
2025-01-20 00:00:00+00:00,101191.0,109112.0,99500.0,102162.8,6144.71011387,104549.7,104134
2025-01-21 00:00:00+00:00,102142.1,107200.0,100114.2,106162.8,2766.17867975,104482.0,57011
2025-01-22 00:00:00+00:00,106162.8,106293.4,103271.3,103648.5,1391.42072629,104664.0,36254
2025-01-23 00:00:00+00:00,103648.6,106833.2,101281.7,103920.2,4692.19078465,104188.7,64479
2025-01-24 00:00:00+00:00,103920.2,107080.6,102800.0,104840.4,1795.72253619,105315.2,36250
2025-01-25 00:00:00+00:00,104840.4,105194.1,104250.0,104705.2,643.54540419,104662.4,19139
2025-01-26 00:00:00+00:00,104705.3,105380.0,102544.1,102596.5,949.0648101,104290.1,22008
2025-01-27 00:00:00+00:00,102596.5,103200.0,97688.7,102133.3,3883.43048284,100393.9,68012
2025-01-28 00:00:00+00:00,102133.3,103728.0,100200.0,101299.8,1817.06633,102126.3,35792
2025-01-29 00:00:00+00:00,101299.9,104749.1,101277.6,103708.0,2068.76411452,102863.8,35819
2025-01-30 00:00:00+00:00,103708.1,106414.4,103252.5,104750.1,2010.23973624,105132.9,32805
2025-01-31 00:00:00+00:00,104750.1,106000.0,101500.0,102406.0,1755.91946054,103785.3,36579
2025-02-01 00:00:00+00:00,102406.0,102748.6,100147.0,100624.2,1188.3889118,101689.6,25176
2025-02-02 00:00:00+00:00,100624.3,101415.5,96100.0,97696.1,2816.31259953,98561.4,48029
2025-02-03 00:00:00+00:00,97696.0,102500.0,91000.0,101425.1,5541.67940806,96614.4,90351
2025-02-04 00:00:00+00:00,101425.1,101721.9,96250.0,97868.5,3162.38590831,98983.0,45835
2025-02-05 00:00:00+00:00,97868.4,99125.0,96191.0,96623.8,1343.73465352,97658.8,24709
2025-02-06 00:00:00+00:00,96613.4,99100.0,95700.0,96559.2,2017.20689834,97564.3,26468
2025-02-07 00:00:00+00:00,96558.5,100181.7,95634.1,96547.5,1926.56834175,97703.3,43481
2025-02-08 00:00:00+00:00,96547.5,96860.1,95656.9,96496.5,383.81280043,96339.6,16339
2025-02-09 00:00:00+00:00,96496.5,97291.2,94763.1,96473.0,702.74391142,96216.3,20517
2025-02-10 00:00:00+00:00,96473.0,98300.0,95326.7,97441.2,1163.37216215,97196.3,21718
2025-02-11 00:00:00+00:00,97441.2,98442.3,94899.2,95767.1,1329.40106338,96684.3,28438
2025-02-12 00:00:00+00:00,95767.1,98042.8,94111.0,97874.0,1463.18182995,96200.3,29336
2025-02-13 00:00:00+00:00,97874.0,98077.1,95273.7,96628.0,1291.44841164,96085.7,21526
2025-02-14 00:00:00+00:00,96628.0,98826.0,96340.7,97464.0,1523.91696415,97366.2,28343
2025-02-15 00:00:00+00:00,97464.0,97902.0,97279.3,97588.2,375.80330877,97582.2,14594
2025-02-16 00:00:00+00:00,97588.2,97700.0,96112.6,96144.1,311.46490458,96951.9,14039
2025-02-17 00:00:00+00:00,96144.1,97032.6,95224.7,95772.8,1005.28486366,96020.6,20654
2025-02-18 00:00:00+00:00,95772.8,96650.9,93388.7,95600.0,1472.41908125,94912.6,33221
2025-02-19 00:00:00+00:00,95600.0,96875.0,94996.8,96625.7,1116.70166311,95930.4,26149
2025-02-20 00:00:00+00:00,96625.7,98744.0,96405.7,98339.1,1280.02593709,97627.6,28613
2025-02-21 00:00:00+00:00,98339.1,99481.1,94858.0,96099.5,2181.18505022,97442.3,37938
2025-02-22 00:00:00+00:00,96099.5,96900.0,95791.3,96600.1,484.13874675,96428.8,14465
2025-02-23 00:00:00+00:00,96600.1,96621.6,95300.0,96303.4,359.68758804,95977.9,13477
2025-02-24 00:00:00+00:00,96303.4,96483.0,91400.0,91534.4,2273.50832688,94035.6,43024
2025-02-25 00:00:00+00:00,91534.4,92487.3,86000.0,88632.6,5210.26309616,88983.8,84846
2025-02-26 00:00:00+00:00,88632.6,89271.0,80525.0,84089.8,5878.70103157,85422.7,77746
2025-02-27 00:00:00+00:00,84089.9,86951.2,82611.0,84691.4,2506.41796058,84888.4,46638
2025-02-28 00:00:00+00:00,84668.4,85061.0,78219.0,84309.2,4498.77887051,81562.9,77842
2025-03-01 00:00:00+00:00,84309.2,86515.9,83799.3,86020.8,1112.34047277,85167.0,25856
2025-03-02 00:00:00+00:00,86020.8,95000.0,84500.1,94285.0,5152.5358943,90983.0,62645
2025-03-03 00:00:00+00:00,94285.0,94401.6,85055.0,86144.7,5136.27936399,89968.5,63117
2025-03-04 00:00:00+00:00,86144.7,88888.0,81434.5,87250.0,4690.09095506,84629.5,61737
2025-03-05 00:00:00+00:00,87250.0,90975.1,86378.4,90610.4,3795.41190016,89224.7,49992
2025-03-06 00:00:00+00:00,90610.4,92741.5,87836.3,89916.8,2992.56395797,90197.8,44486
2025-03-07 00:00:00+00:00,89925.3,91227.4,84665.7,86762.3,4534.10086304,87910.5,56830
2025-03-08 00:00:00+00:00,86762.3,86809.4,85230.0,86164.1,816.51310316,86115.6,20983
2025-03-09 00:00:00+00:00,86164.1,86435.2,80006.7,80684.0,2019.63804496,82956.4,39533
2025-03-10 00:00:00+00:00,80709.9,83971.5,77414.3,78558.8,3411.3441324,80090.9,64265
2025-03-11 00:00:00+00:00,78558.9,83607.9,76615.7,82900.0,3925.04144014,80669.6,52739
2025-03-12 00:00:00+00:00,82900.0,84482.0,80628.9,83673.4,2515.76502183,82589.7,36613
2025-03-13 00:00:00+00:00,83673.4,84282.4,79930.7,81112.3,1998.70930581,81997.4,31403
2025-03-14 00:00:00+00:00,81112.3,85278.7,80847.2,83997.6,2075.86273147,83719.1,31189
2025-03-15 00:00:00+00:00,83997.7,84659.4,83666.9,84332.9,584.76838101,84209.5,16525
2025-03-16 00:00:00+00:00,84333.0,85021.0,82009.8,82599.9,842.27980256,83231.2,23323
2025-03-17 00:00:00+00:00,82600.0,84700.0,82500.0,84015.2,1262.16112303,83518.2,22150
2025-03-18 00:00:00+00:00,84015.2,84015.2,81166.0,82705.4,1526.03270747,82212.7,25866
2025-03-19 00:00:00+00:00,82705.4,87000.0,82553.3,86879.5,2673.46536757,84476.4,31949
2025-03-20 00:00:00+00:00,86879.6,87433.9,83609.1,84178.6,2156.72058329,85473.1,30576
2025-03-21 00:00:00+00:00,84178.6,84771.3,83179.3,84034.3,1018.69958284,84062.7,21597
2025-03-22 00:00:00+00:00,84034.3,84450.0,83667.4,83800.0,440.24781187,84055.2,13004
2025-03-23 00:00:00+00:00,83800.0,86100.0,83799.9,86076.5,588.42498116,84983.0,14834
2025-03-24 00:00:00+00:00,86076.5,88750.0,85558.1,87505.3,2187.05354124,87461.1,31475
2025-03-25 00:00:00+00:00,87511.9,88500.0,86306.7,87458.1,1275.81713678,87419.8,23990
2025-03-26 00:00:00+00:00,87458.1,88263.0,85853.7,86899.0,1808.20481963,87101.7,27058
2025-03-27 00:00:00+00:00,86899.0,87755.8,85838.9,87209.9,1018.98407902,87098.3,22803
2025-03-28 00:00:00+00:00,87209.9,87441.7,83530.1,84373.9,2052.98377273,84711.6,33755
2025-03-29 00:00:00+00:00,84373.9,84559.8,81655.0,82613.8,1157.08426174,82968.1,25276
2025-03-30 00:00:00+00:00,82613.8,83500.0,81588.7,82325.4,916.37403895,82804.3,21788
2025-03-31 00:00:00+00:00,82325.4,83870.8,81270.3,82523.0,1694.68667333,82644.7,34525
2025-04-01 00:00:00+00:00,82523.0,85500.0,82415.9,85201.1,1757.72329983,84407.5,32168
2025-04-02 00:00:00+00:00,85201.2,89042.7,82141.5,82508.1,3582.61285579,85365.3,60894
2025-04-03 00:00:00+00:00,82508.1,83911.0,81177.7,83132.9,1942.46384857,82525.0,43968
2025-04-04 00:00:00+00:00,83133.0,84709.7,81657.9,83840.8,1986.99314277,83300.7,51567
2025-04-05 00:00:00+00:00,83840.8,84200.0,82400.0,83508.9,660.17840044,83259.6,17803
2025-04-06 00:00:00+00:00,83508.9,83680.0,77057.7,78363.4,3692.97635392,79741.0,55566
2025-04-07 00:00:00+00:00,78364.8,81323.6,74409.1,79130.1,5198.34711859,77488.6,108467
2025-04-08 00:00:00+00:00,79130.1,80800.0,76164.6,76276.5,2455.53545248,78394.7,54687
2025-04-09 00:00:00+00:00,76276.5,83548.9,74572.5,82556.3,5271.68867973,79306.2,81398
2025-04-10 00:00:00+00:00,82556.3,82676.5,78451.2,79552.1,2270.09893668,80756.2,43657
2025-04-11 00:00:00+00:00,79552.1,84261.7,78914.7,83420.1,3024.32123334,82322.9,44081
2025-04-12 00:00:00+00:00,83420.1,85850.9,82750.0,85284.1,1932.99267705,84536.5,27815
2025-04-13 00:00:00+00:00,85284.1,86037.9,83025.5,83719.0,1742.3412712,84338.0,31815
2025-04-14 00:00:00+00:00,83719.8,85792.1,83708.2,84530.7,2420.34075325,84691.0,33858
2025-04-15 00:00:00+00:00,84530.7,86401.0,83600.0,83633.5,1433.04466,85053.5,30919
2025-04-16 00:00:00+00:00,83633.5,85419.7,83146.0,84023.8,1861.93037475,84115.0,34648
2025-04-17 00:00:00+00:00,84027.5,85444.0,83777.2,84910.1,931.39734032,84589.9,25008
2025-04-18 00:00:00+00:00,84910.1,85087.9,84295.4,84472.5,450.65472146,84622.0,17835
2025-04-19 00:00:00+00:00,84472.5,85611.7,84384.6,85121.3,405.53513245,85112.0,17697
2025-04-20 00:00:00+00:00,85121.3,85309.2,84007.4,85150.1,517.72668291,84810.8,15671
2025-04-21 00:00:00+00:00,85150.0,88490.0,85150.0,87500.6,1901.27490018,87265.6,35012
2025-04-22 00:00:00+00:00,87500.7,93888.0,87100.0,93472.0,2972.04826005,90814.6,55130
2025-04-23 00:00:00+00:00,93472.0,94635.1,91949.5,93677.0,2009.60322068,93453.9,48047
2025-04-24 00:00:00+00:00,93677.0,94000.0,91711.0,93999.9,1079.24734065,93011.6,28565
2025-04-25 00:00:00+00:00,94000.0,95837.7,92900.0,94717.1,2253.19370406,94536.3,39718
2025-04-26 00:00:00+00:00,94717.2,95189.5,93907.5,94663.5,499.11003555,94444.7,22248
2025-04-27 00:00:00+00:00,94663.5,95348.5,93621.5,93817.0,532.00913019,94208.2,17412
2025-04-28 00:00:00+00:00,93817.0,95600.0,92900.0,94998.1,1257.55300882,94444.4,32846
2025-04-29 00:00:00+00:00,94998.1,95469.2,93809.5,94269.6,1566.10548205,94878.4,28586
2025-04-30 00:00:00+00:00,94269.7,95195.0,92970.5,94205.4,1082.84442265,94157.6,32434
2025-05-01 00:00:00+00:00,94205.4,97407.8,94148.3,96469.9,1646.02664605,96040.0,33027
2025-05-02 00:00:00+00:00,96469.9,97885.0,96386.7,96920.7,1190.74799924,97119.7,29094
2025-05-03 00:00:00+00:00,96920.7,96922.3,95785.9,95869.9,632.75891805,96257.3,20316
2025-05-04 00:00:00+00:00,95869.9,96298.0,94153.2,94303.1,754.03636157,95477.6,20904
2025-05-05 00:00:00+00:00,94303.1,95173.9,93570.1,94727.0,1059.28534793,94243.6,28463
2025-05-06 00:00:00+00:00,94727.0,96877.8,93398.5,96816.7,1231.56700197,94662.4,27555
2025-05-07 00:00:00+00:00,96816.7,97650.0,95824.0,97031.4,1362.55596122,96853.5,32050
2025-05-08 00:00:00+00:00,97031.4,104082.5,96874.9,103228.0,2992.17010376,100467.9,52489
2025-05-09 00:00:00+00:00,103228.0,104319.1,102344.7,102976.9,1329.71839936,103070.0,33114
2025-05-10 00:00:00+00:00,102977.0,104943.7,102833.3,104800.0,696.03309136,103707.7,23133
2025-05-11 00:00:00+00:00,104799.9,104919.7,103326.8,104119.0,779.51384444,104278.0,23208
2025-05-12 00:00:00+00:00,104119.0,105728.8,100772.6,102825.0,1868.93678433,103324.7,44929
2025-05-13 00:00:00+00:00,102825.1,104980.0,101525.1,104156.7,1104.39123118,103655.7,33512
2025-05-14 00:00:00+00:00,104156.8,104280.1,102591.5,103589.7,1023.73775034,103547.7,26016
2025-05-15 00:00:00+00:00,103589.7,104123.0,101441.6,103761.7,982.20702525,102771.3,32884
2025-05-16 00:00:00+00:00,103761.7,104500.0,103130.0,103500.1,933.96180688,103907.8,22845
2025-05-17 00:00:00+00:00,103500.1,103697.1,102690.0,103169.1,407.46473368,103049.9,17841
2025-05-18 00:00:00+00:00,103169.1,106631.8,103148.2,106525.6,1948.9635636,104781.9,27890
2025-05-19 00:00:00+00:00,106525.6,107042.1,102100.0,105637.7,2055.76779214,104246.8,35834
2025-05-20 00:00:00+00:00,105637.7,107262.6,104269.0,106855.6,1713.73055867,105972.5,30638
2025-05-21 00:00:00+00:00,106855.6,110698.0,106155.0,109675.1,3333.80572063,108028.1,57004
2025-05-22 00:00:00+00:00,109675.1,111983.2,109287.2,111711.1,2139.00157259,111056.4,42994
2025-05-23 00:00:00+00:00,111711.1,111785.3,106824.0,107333.5,2574.58399048,109476.8,45888
2025-05-24 00:00:00+00:00,107333.5,109503.4,106905.8,107824.2,519.31653454,108423.4,23116
2025-05-25 00:00:00+00:00,107824.2,109300.5,106672.9,109040.4,625.52457767,107633.8,23777
2025-05-26 00:00:00+00:00,109040.4,110352.0,108780.0,109468.6,988.86666387,109659.2,23186
2025-05-27 00:00:00+00:00,109468.6,110742.6,107600.0,109004.9,1023.08446766,109537.7,27976
2025-05-28 00:00:00+00:00,109004.9,109250.0,106805.1,107811.7,958.88789718,108040.1,25679
2025-05-29 00:00:00+00:00,107811.7,108888.0,105348.4,105632.4,1219.04523124,106980.5,32855
2025-05-30 00:00:00+00:00,105632.5,106333.8,103641.3,104019.7,1368.35162927,104874.8,36409
2025-05-31 00:00:00+00:00,104019.7,104933.2,103169.0,104662.0,513.90701088,103990.2,22339
2025-06-01 00:00:00+00:00,104662.0,105879.7,103850.0,105712.4,576.91217477,104830.8,18375
2025-06-02 00:00:00+00:00,105712.4,105927.2,103737.7,105920.3,948.96006617,104824.0,25005
2025-06-03 00:00:00+00:00,105920.4,106820.0,104984.1,105446.0,774.51639796,105984.3,23379
2025-06-04 00:00:00+00:00,105446.0,106000.0,104279.0,104745.4,613.1507945,105153.7,20721
2025-06-05 00:00:00+00:00,104745.4,105948.1,100400.0,101579.7,1744.4000448,102868.5,39399
2025-06-06 00:00:00+00:00,101579.7,105360.1,101211.5,104376.0,877.21259649,103738.0,30933
2025-06-07 00:00:00+00:00,104376.0,105929.0,104000.1,105654.5,492.00974469,105280.0,17352
2025-06-08 00:00:00+00:00,105654.6,106477.0,105082.3,105754.2,568.50781065,105777.2,16520
2025-06-09 00:00:00+00:00,105754.2,110550.0,105392.3,110280.0,1264.78416755,108078.0,34364
2025-06-10 00:00:00+00:00,110280.0,110373.0,108342.2,110273.6,1180.06772837,109426.8,34244
2025-06-11 00:00:00+00:00,110273.6,110411.0,108139.5,108702.0,810.07191598,109416.0,31080
2025-06-12 00:00:00+00:00,108701.9,108790.2,105760.0,105760.1,1512.14504927,107426.4,31559
2025-06-13 00:00:00+00:00,105760.1,106137.5,102812.3,106122.3,2109.12032495,104573.3,45219
2025-06-14 00:00:00+00:00,106122.3,106172.3,104400.0,105479.4,392.68291073,105008.5,15535
2025-06-15 00:00:00+00:00,105479.4,106090.0,104529.0,105581.4,334.89355425,105309.0,16175
2025-06-16 00:00:00+00:00,105581.5,108924.6,105019.3,106800.1,1209.9618599,107271.0,28439
2025-06-17 00:00:00+00:00,106800.1,107725.1,103400.0,104622.4,1348.24204708,105370.0,34408
2025-06-18 00:00:00+00:00,104622.5,105529.9,103567.6,104892.0,808.40984268,104611.5,29962
2025-06-19 00:00:00+00:00,104891.9,105226.5,103931.6,104675.2,1124.90399547,104705.2,19859
2025-06-20 00:00:00+00:00,104675.2,106470.0,102388.9,103292.0,1051.84794845,104326.5,31462
2025-06-21 00:00:00+00:00,103300.0,103995.5,100933.5,102144.0,938.91408133,102402.8,24154
2025-06-22 00:00:00+00:00,102153.0,103380.5,98277.2,100987.9,2331.29507485,100656.6,49313
2025-06-23 00:00:00+00:00,100987.9,106022.4,99700.0,105382.0,2634.94718822,103024.9,44740
2025-06-24 00:00:00+00:00,105382.1,106309.1,104777.0,106100.0,1570.51099254,105474.1,34329
2025-06-25 00:00:00+00:00,106100.0,108165.5,105888.2,107360.0,1754.36948813,107124.2,29218
2025-06-26 00:00:00+00:00,107360.0,108289.0,106677.4,106945.0,853.71800679,107443.2,25837
2025-06-27 00:00:00+00:00,106945.1,107712.1,106477.2,107115.4,641.63539679,107005.2,23816
2025-06-28 00:00:00+00:00,107115.4,107544.2,106918.4,107325.1,426.13417634,107301.1,14416
2025-06-29 00:00:00+00:00,107325.1,108460.7,107228.2,108387.2,500.30910662,107922.4,18794
2025-06-30 00:00:00+00:00,108387.3,108792.0,106800.0,107120.3,1284.90327778,107733.0,28289
2025-07-01 00:00:00+00:00,107120.3,107540.2,105312.0,105700.1,1563.00869422,106400.4,32566
2025-07-02 00:00:00+00:00,105700.1,109794.7,105116.4,108846.9,1536.06930747,107968.2,37180
2025-07-03 00:00:00+00:00,108846.9,110547.2,108600.0,109631.0,1217.20713722,109718.1,33634
2025-07-04 00:00:00+00:00,109631.0,109746.6,107299.9,108018.9,767.00000078,108314.8,30504
2025-07-05 00:00:00+00:00,108018.9,108379.0,107829.7,108249.5,162.62986088,108142.3,15788
2025-07-06 00:00:00+00:00,108249.5,109650.0,107825.2,109223.2,429.83917537,108785.3,18738
2025-07-07 00:00:00+00:00,109223.2,109700.0,107520.3,108282.1,700.49319689,108319.1,25284
2025-07-08 00:00:00+00:00,108282.1,109199.3,107500.0,108931.9,644.78003062,108631.7,26005
2025-07-09 00:00:00+00:00,108932.0,112000.0,108375.3,111323.7,1496.22692802,110333.0,35426
2025-07-10 00:00:00+00:00,111323.7,116800.0,110600.0,115990.2,2132.2188503,113437.3,49731
2025-07-11 00:00:00+00:00,115990.2,118818.4,115212.5,117532.6,1812.50787842,117446.7,54355
2025-07-12 00:00:00+00:00,117532.6,118235.6,116977.1,117461.0,511.21582262,117614.5,22884
2025-07-13 00:00:00+00:00,117461.0,119499.0,117277.3,119102.1,881.15155301,118637.2,27528
2025-07-14 00:00:00+00:00,119102.2,123140.0,118961.2,119855.0,2308.79159766,120989.0,58297
2025-07-15 00:00:00+00:00,119855.0,119900.0,115712.2,117741.0,2166.686747,117320.5,54750
2025-07-16 00:00:00+00:00,117741.0,120049.5,117094.0,118712.6,1159.57587636,118875.8,41246
2025-07-17 00:00:00+00:00,118712.6,120999.6,117527.0,119321.0,1135.01654311,119033.4,41635
2025-07-18 00:00:00+00:00,119321.0,120833.7,116929.6,118011.9,1203.98745899,118861.1,47701
2025-07-19 00:00:00+00:00,118011.9,118550.0,117382.5,117909.1,310.77654865,118096.4,22654
2025-07-20 00:00:00+00:00,117909.1,118867.0,116600.0,117319.1,583.194393,117945.1,28139
2025-07-21 00:00:00+00:00,117319.0,119630.4,116623.7,117461.0,1065.22315704,118113.7,38151
2025-07-22 00:00:00+00:00,117461.0,120237.5,116260.0,119977.5,1256.61089025,118635.4,36977
2025-07-23 00:00:00+00:00,119977.5,120100.0,117411.0,118735.3,1088.89687083,118213.6,35883
2025-07-24 00:00:00+00:00,118735.3,119489.8,117316.0,118386.9,946.99617232,118494.4,30740
2025-07-25 00:00:00+00:00,118387.5,118452.0,114733.1,117628.1,1610.09496959,116140.8,55911
2025-07-26 00:00:00+00:00,117628.1,118276.6,117197.6,117937.5,458.69314606,117834.7,19558
2025-07-27 00:00:00+00:00,117937.6,119793.4,117863.8,119455.0,543.22792339,118792.1,21777
2025-07-28 00:00:00+00:00,119455.1,119779.9,117425.9,117979.7,842.48589207,118296.0,30618
2025-07-29 00:00:00+00:00,117979.7,119200.0,117000.0,117923.0,892.9516111,117870.7,30776
2025-07-30 00:00:00+00:00,117916.9,118749.4,115800.0,117820.7,1013.24696846,117316.9,34622
2025-07-31 00:00:00+00:00,117820.7,118918.9,115500.0,115762.3,1086.55871649,117647.8,36555
2025-08-01 00:00:00+00:00,115762.4,116000.0,112688.1,113290.2,1962.106786,114697.5,67648
2025-08-02 00:00:00+00:00,113290.1,114008.2,112000.0,112525.2,897.37152839,113013.8,32176
2025-08-03 00:00:00+00:00,112525.2,114742.9,111897.1,114224.1,584.59505722,113897.2,23993
2025-08-04 00:00:00+00:00,114224.1,115700.0,114137.1,115092.1,916.35580203,114925.4,30583
2025-08-05 00:00:00+00:00,115092.1,115092.1,112629.7,114115.0,839.84002204,113831.9,30838
2025-08-06 00:00:00+00:00,114115.0,115713.6,113400.0,115010.0,745.22602982,114641.0,23867
2025-08-07 00:00:00+00:00,115010.0,117643.3,114280.0,117498.1,968.96659582,116434.4,31279
2025-08-08 00:00:00+00:00,117498.1,117663.0,115946.0,116676.0,639.05095743,116748.7,34626
2025-08-09 00:00:00+00:00,116676.0,117869.4,116282.1,116467.4,698.46357348,116800.8,24014
2025-08-10 00:00:00+00:00,116467.4,119288.4,116467.3,119288.4,1143.03812644,118307.1,26695
2025-08-11 00:00:00+00:00,119288.4,122273.5,118100.0,118724.5,2083.44714105,120435.5,48486
2025-08-12 00:00:00+00:00,118724.5,120303.2,118255.0,120172.0,1114.87548358,119308.3,32273
2025-08-13 00:00:00+00:00,120172.1,123724.7,118918.3,123354.3,2664.42357041,121581.6,48756
2025-08-14 00:00:00+00:00,123354.3,124420.0,117250.0,118383.1,3457.59102418,119792.3,57912
2025-08-15 00:00:00+00:00,118383.1,119312.7,116560.9,117426.7,1280.98937196,118123.6,35538
2025-08-16 00:00:00+00:00,117426.7,117947.4,117284.0,117487.5,325.52589508,117675.2,21263
2025-08-17 00:00:00+00:00,117487.5,118550.2,117295.3,117441.3,441.38200244,118040.9,24736
2025-08-18 00:00:00+00:00,117441.3,117593.3,114715.9,116260.0,1270.68039197,115802.7,45017
2025-08-19 00:00:00+00:00,116259.9,116766.0,112750.0,112830.3,1574.02335208,114341.3,41393
2025-08-20 00:00:00+00:00,112830.4,114612.1,112400.0,114262.7,1251.42753344,113496.5,33417
2025-08-21 00:00:00+00:00,114273.8,114738.6,112036.0,112462.5,767.13809096,113000.6,29275
2025-08-22 00:00:00+00:00,112475.0,117354.0,111676.0,116817.9,1700.58599553,115185.2,45164
2025-08-23 00:00:00+00:00,116817.9,116975.0,114551.1,115344.1,684.74320783,115328.9,22197
2025-08-24 00:00:00+00:00,115344.1,115530.9,110692.2,113456.1,1245.12925903,113331.4,35433
2025-08-25 00:00:00+00:00,113456.1,113619.8,109304.8,110144.9,2518.48438133,111154.3,51073
2025-08-26 00:00:00+00:00,110145.0,112395.6,108734.6,111829.3,1340.09425419,110258.9,41684
2025-08-27 00:00:00+00:00,111829.3,112603.4,110434.3,111268.6,1107.07602036,111592.6,32837
2025-08-28 00:00:00+00:00,111268.6,113457.9,110902.6,112563.7,1322.35665031,112533.4,28145
2025-08-29 00:00:00+00:00,112563.7,112570.0,107505.0,108400.1,1709.81321643,109606.1,53833
2025-08-30 00:00:00+00:00,108400.1,108926.8,107352.6,108750.0,819.57478239,108466.4,24357
2025-08-31 00:00:00+00:00,108750.0,109490.8,108113.5,108250.0,668.71621126,108787.4,23625
2025-09-01 00:00:00+00:00,108250.1,109813.2,107255.0,109263.5,1327.31244841,108601.9,36902
2025-09-02 00:00:00+00:00,109258.5,111737.8,108457.0,111196.9,1796.73871506,110541.0,34847
2025-09-03 00:00:00+00:00,111196.9,112537.6,110600.0,111771.1,1459.83901213,111696.0,30457
2025-09-04 00:00:00+00:00,111771.1,112193.7,109369.8,110744.3,1058.26938089,110469.3,29104
2025-09-05 00:00:00+00:00,110744.4,113372.1,110231.4,110647.8,1534.28592621,111620.8,44528
2025-09-06 00:00:00+00:00,110647.8,111243.0,110036.7,110254.9,278.567386,110604.9,19873
2025-09-07 00:00:00+00:00,110254.9,111526.8,110239.0,111152.8,343.94637098,111070.2,20132
2025-09-08 00:00:00+00:00,111152.8,112864.4,110667.7,112050.1,896.74722811,111783.1,31097
2025-09-09 00:00:00+00:00,112050.1,113200.0,110815.3,111541.0,1503.08477297,111732.3,37596
2025-09-10 00:00:00+00:00,111541.0,114300.0,110934.0,113952.8,2308.60066981,113302.3,39925
2025-09-11 00:00:00+00:00,113952.8,115500.0,113400.0,115500.0,1616.99923963,114278.4,37146
2025-09-12 00:00:00+00:00,115500.0,116743.3,114813.3,116111.7,1729.63497907,115650.9,44075
2025-09-13 00:00:00+00:00,116111.7,116350.8,115251.1,115949.1,764.35719246,115819.1,26555
2025-09-14 00:00:00+00:00,115949.1,116149.9,115238.9,115390.6,527.96758749,115666.2,24762
2025-09-15 00:00:00+00:00,115390.6,116700.0,114158.2,115374.9,1347.05158134,115153.8,35356
2025-09-16 00:00:00+00:00,115375.0,116961.3,114800.0,116764.2,1041.15556181,115974.0,43550
2025-09-17 00:00:00+00:00,116764.2,117291.9,114799.9,116469.0,1663.59699611,116070.4,41558
2025-09-18 00:00:00+00:00,116469.1,117920.0,116201.1,117135.7,1527.81928211,117372.7,41956
2025-09-19 00:00:00+00:00,117135.8,117441.2,115180.4,115677.2,731.0220763,116254.9,32159
2025-09-20 00:00:00+00:00,115677.2,116176.8,115511.0,115739.1,198.73713023,115883.8,24027
2025-09-21 00:00:00+00:00,115739.1,115874.6,115259.4,115298.9,339.56591394,115540.0,19622
2025-09-22 00:00:00+00:00,115299.0,115410.0,111730.3,112747.8,1845.8941639,113255.2,43901
2025-09-23 00:00:00+00:00,112747.8,113318.9,111557.0,112001.5,1221.74758455,112364.4,31305
2025-09-24 00:00:00+00:00,112001.5,113954.3,111111.0,113300.0,1184.7203654,112955.7,27600
2025-09-25 00:00:00+00:00,113300.0,113500.0,108680.5,109049.8,2101.93860055,110642.4,44926
2025-09-26 00:00:00+00:00,109049.8,110354.8,108677.5,109706.3,1454.36483037,109356.3,37281
2025-09-27 00:00:00+00:00,109706.4,109760.5,109177.6,109720.5,210.26162005,109478.1,17630
2025-09-28 00:00:00+00:00,109720.5,112367.8,109225.4,112127.8,610.65036389,110404.9,23820
2025-09-29 00:00:00+00:00,112127.8,114413.4,111628.0,114365.2,994.12194934,113049.8,32044
2025-09-30 00:00:00+00:00,114365.3,114798.0,112764.3,113995.0,1135.44627222,113666.7,29719
2025-10-01 00:00:00+00:00,113995.0,118708.6,113971.1,118599.9,1533.21740736,116727.4,42089
2025-10-02 00:00:00+00:00,118600.0,121008.9,118344.4,120649.9,1979.7734196,119606.3,43463
2025-10-03 00:00:00+00:00,120650.0,123930.9,119350.0,122259.5,2007.82821478,121740.7,48734
2025-10-04 00:00:00+00:00,122259.5,122843.7,121620.0,122426.4,641.28281174,122223.9,25563
2025-10-05 00:00:00+00:00,122426.4,125670.0,122250.0,123542.1,1545.18801848,123932.3,41840
2025-10-06 00:00:00+00:00,123542.1,126198.1,123144.1,124766.5,2341.31910603,124924.9,50258
2025-10-07 00:00:00+00:00,124765.9,125207.2,120694.6,121419.8,2070.45487331,123098.9,59378
2025-10-08 00:00:00+00:00,121419.8,124150.0,121104.2,123329.7,1020.41603294,122652.9,41382
2025-10-09 00:00:00+00:00,123329.8,123750.9,119750.0,121699.0,1924.89637846,121552.0,51169
2025-10-10 00:00:00+00:00,121699.0,122498.0,100000.0,113000.1,5796.16318469,114483.1,147239
2025-10-11 00:00:00+00:00,113000.0,113423.0,109760.0,110775.1,2186.21310184,111649.9,70277
2025-10-12 00:00:00+00:00,110775.2,115780.0,109694.9,115125.3,1868.03446925,113272.2,57078
2025-10-13 00:00:00+00:00,115125.3,115977.7,113705.8,115165.5,1579.52366955,115082.0,48835
2025-10-14 00:00:00+00:00,115176.9,115457.2,110000.0,113106.2,2781.92775819,112339.2,59318
2025-10-15 00:00:00+00:00,113106.3,113600.0,110252.0,110781.9,1561.98170243,111471.5,49217
2025-10-16 00:00:00+00:00,110781.9,111950.0,107483.0,108182.3,2981.42761229,109608.0,64701
2025-10-17 00:00:00+00:00,108182.3,109245.0,103583.2,106451.0,3500.65355169,106159.9,84562
2025-10-18 00:00:00+00:00,106451.0,107492.6,106365.2,107199.0,667.21371697,107016.4,28629
2025-10-19 00:00:00+00:00,107199.0,109444.0,106125.2,108669.8,1094.24797232,108056.3,62853
2025-10-20 00:00:00+00:00,108669.8,111700.1,107466.8,110574.4,2444.93609142,110692.6,49897
2025-10-21 00:00:00+00:00,110574.4,114000.0,107500.0,108406.1,2574.39483883,110557.5,91402
2025-10-22 00:00:00+00:00,108406.1,109156.4,106717.0,107644.1,2289.04304972,107982.5,54932
2025-10-23 00:00:00+00:00,107644.1,111296.0,107556.3,110080.0,1567.70405963,109718.6,39410
2025-10-24 00:00:00+00:00,110080.0,112400.0,109757.8,111000.0,1671.40522006,110932.1,41259
2025-10-25 00:00:00+00:00,111000.0,111925.9,110700.0,111645.2,592.60922744,111480.7,25538
2025-10-26 00:00:00+00:00,111645.2,115400.0,111274.3,114509.9,1123.19813736,113059.8,31927
2025-10-27 00:00:00+00:00,114510.0,116309.8,113801.4,114153.0,1240.02265074,115173.4,34746
2025-10-28 00:00:00+00:00,114153.1,116023.4,112278.2,112918.0,1429.37148677,114195.2,37581
2025-10-29 00:00:00+00:00,112918.0,113601.0,109251.0,110104.2,2290.14839646,111575.9,45532
2025-10-30 00:00:00+00:00,110104.2,111561.5,106280.5,108302.7,2746.36016547,108552.9,63032
2025-10-31 00:00:00+00:00,108302.7,111000.0,108302.6,109552.7,1397.85674081,109665.5,44064
2025-11-01 00:00:00+00:00,109552.7,110421.0,109370.0,110018.0,493.03956937,109949.8,16773
2025-11-02 00:00:00+00:00,110018.0,111058.9,109428.7,110589.6,1606.34489563,110469.2,27557
2025-11-03 00:00:00+00:00,110589.6,110699.6,105200.2,106538.3,3041.49432533,107272.0,63833
2025-11-04 00:00:00+00:00,106538.3,107258.7,98900.0,101537.3,4042.67872336,102229.3,107509
2025-11-05 00:00:00+00:00,101537.2,104499.9,98943.9,103900.0,2345.09075062,102548.9,57097
2025-11-06 00:00:00+00:00,103900.0,104115.9,100266.0,101290.1,1620.67070443,102122.6,51975
2025-11-07 00:00:00+00:00,101290.1,103995.0,99222.0,103279.9,4524.16031077,101365.1,84042
2025-11-08 00:00:00+00:00,103279.9,103320.0,101489.9,102282.1,689.5326863,102309.8,28780
2025-11-09 00:00:00+00:00,102282.1,105431.9,101430.0,104729.8,1150.90927058,103550.6,34551
2025-11-10 00:00:00+00:00,104729.9,106593.5,104300.0,105973.3,1420.28427243,105740.0,43168
2025-11-11 00:00:00+00:00,105973.3,107400.0,102469.8,103011.5,1263.88999948,104540.9,39519
2025-11-12 00:00:00+00:00,103011.5,105274.0,100796.0,101666.6,1526.21906105,103137.3,42892
2025-11-13 00:00:00+00:00,101666.7,103999.0,98000.0,99680.1,2416.1486576,100253.1,71617
2025-11-14 00:00:00+00:00,99680.1,99806.9,94000.0,94517.3,3754.7643923,96309.5,93685
2025-11-15 00:00:00+00:00,94500.1,96700.0,94478.5,95537.9,1370.48193522,95925.8,34520
2025-11-16 00:00:00+00:00,95538.0,96498.8,92890.6,94190.1,1369.02836588,94629.4,45704
2025-11-17 00:00:00+00:00,94190.1,95888.0,91150.0,92101.3,3115.7091102,93194.0,61320
2025-11-18 00:00:00+00:00,92101.3,93747.3,89251.9,92966.1,2990.39820727,91528.0,64917
2025-11-19 00:00:00+00:00,92966.1,92966.1,88547.0,91427.7,3784.02281506,90136.3,61358
2025-11-20 00:00:00+00:00,91427.7,93003.7,86000.0,86503.0,5152.09873658,88316.1,70290
2025-11-21 00:00:00+00:00,86503.0,87331.7,80595.2,85069.4,6608.84974064,83963.1,97219
2025-11-22 00:00:00+00:00,85069.4,85555.0,83432.8,84679.9,1599.92840458,84226.7,34886
2025-11-23 00:00:00+00:00,84679.9,88061.8,84679.8,86777.4,2076.34614304,86700.9,40458
2025-11-24 00:00:00+00:00,86777.5,89200.0,85250.0,88275.0,2265.94813353,87304.2,50798
2025-11-25 00:00:00+00:00,88275.0,88432.1,86100.0,87326.3,1646.42577746,87335.5,46324
2025-11-26 00:00:00+00:00,87326.4,90600.0,86299.5,90535.7,2015.49856533,88648.6,53655
2025-11-27 00:00:00+00:00,90535.7,91878.9,90088.8,91281.4,1551.69050701,91267.3,42954
2025-11-28 00:00:00+00:00,91281.4,93050.0,90250.0,90912.7,1616.69780823,91602.8,46210
2025-11-29 00:00:00+00:00,90912.7,91179.5,90247.4,90833.6,377.98142984,90734.8,24355
2025-11-30 00:00:00+00:00,90833.6,91928.1,90351.0,90373.9,546.48402173,91164.7,26223
2025-12-01 00:00:00+00:00,90373.9,90378.7,83870.8,86300.0,3761.14154886,86140.2,73049
2025-12-02 00:00:00+00:00,86300.0,92308.4,86203.8,91313.5,2388.52099006,89681.4,55570
2025-12-03 00:00:00+00:00,91313.5,94051.6,91033.4,93457.9,2163.37929928,92940.5,63646
2025-12-04 00:00:00+00:00,93458.0,94000.0,90924.8,92142.6,1479.64182353,92572.8,48176
2025-12-05 00:00:00+00:00,92142.6,92679.3,88095.2,89332.4,1629.54516777,90352.1,45614
2025-12-06 00:00:00+00:00,89332.4,90274.4,88999.9,89240.1,536.1612964,89573.0,24750
2025-12-07 00:00:00+00:00,89240.1,91713.7,87777.0,90435.1,894.06391491,89873.7,33275
2025-12-08 00:00:00+00:00,90435.1,92269.6,89615.8,90650.1,1726.41292912,90832.3,42989
2025-12-09 00:00:00+00:00,90650.1,94583.7,89545.1,92702.2,2110.94087663,92059.9,49865
2025-12-10 00:00:00+00:00,92702.2,94489.0,91599.0,92019.8,2098.01694668,92619.3,52909
2025-12-11 00:00:00+00:00,92019.8,93561.8,89281.4,92541.0,2303.45862775,90903.2,64612
2025-12-12 00:00:00+00:00,92541.0,92751.0,89500.0,90277.2,1638.12524986,91134.8,55481
2025-12-13 00:00:00+00:00,90277.2,90629.9,89797.1,90254.1,397.33060557,90230.2,25335
2025-12-14 00:00:00+00:00,90254.2,90467.7,87582.5,88163.0,1251.18023926,89180.7,42891
2025-12-15 00:00:00+00:00,88163.0,90038.8,85151.5,86434.3,2526.0594853,87600.2,79915
2025-12-16 00:00:00+00:00,86434.3,88121.3,85263.6,87840.7,2424.7891104,86986.2,64059
2025-12-17 00:00:00+00:00,87840.7,90318.3,85282.2,86207.8,3098.54777664,87466.5,74074
2025-12-18 00:00:00+00:00,86205.5,89437.1,84421.4,85462.5,3072.2876982,86886.2,83736
2025-12-19 00:00:00+00:00,85461.0,89335.0,85077.0,88105.2,2580.22787773,87556.0,72330
2025-12-20 00:00:00+00:00,88105.2,88513.3,87800.0,88338.1,589.89326073,88174.0,27207
2025-12-21 00:00:00+00:00,88338.1,89013.9,87601.8,88622.2,783.03583975,88231.3,34510
2025-12-22 00:00:00+00:00,88623.7,90552.6,87863.6,88544.2,2230.94698942,89347.9,71053
2025-12-23 00:00:00+00:00,88550.5,88888.8,86553.3,87416.4,1607.29163674,87648.4,54950
2025-12-24 00:00:00+00:00,87416.4,87973.3,86271.4,87613.7,1468.66888146,87237.8,42582
2025-12-25 00:00:00+00:00,87613.7,88547.9,86944.9,87198.0,574.28492676,87850.4,28085
2025-12-26 00:00:00+00:00,87183.0,89484.6,86611.7,87303.6,1634.02144466,87962.7,52356
2025-12-27 00:00:00+00:00,87303.6,87913.3,87177.5,87802.6,416.75063851,87439.2,25005
2025-12-28 00:00:00+00:00,87814.4,87998.9,87364.3,87853.3,659.23011207,87730.1,24776
2025-12-29 00:00:00+00:00,87865.9,90298.9,86700.0,87135.1,2800.12927258,88408.0,66805
2025-12-30 00:00:00+00:00,87135.1,89298.0,86736.5,88401.9,1179.54982826,88088.7,50854
2025-12-31 00:00:00+00:00,88400.1,89067.4,87101.5,87500.1,1496.3046063,87956.7,51205
2026-01-01 00:00:00+00:00,87500.2,88779.3,87400.0,88731.8,1157.56340883,87859.4,30709
2026-01-02 00:00:00+00:00,88730.0,90900.0,88273.3,89934.0,1901.8826812,89680.5,69404
2026-01-03 00:00:00+00:00,89934.0,90677.5,89300.0,90590.1,1113.01038596,90019.9,36169
2026-01-04 00:00:00+00:00,90590.1,91768.3,90590.0,91507.0,843.08377896,91253.4,36243
2026-01-05 00:00:00+00:00,91507.0,94783.9,91489.5,93866.9,2070.65294098,93229.4,70820
2026-01-06 00:00:00+00:00,93866.9,94401.8,91230.8,93711.8,1922.19143894,93009.8,64655
2026-01-07 00:00:00+00:00,93711.8,93712.5,90591.9,91273.3,1459.64933288,91606.5,54362
2026-01-08 00:00:00+00:00,91273.3,91584.7,89225.0,91029.1,1420.71893835,90418.9,56236
2026-01-09 00:00:00+00:00,91029.1,91955.9,89603.4,90513.2,1421.7801819,90814.5,55767
2026-01-10 00:00:00+00:00,90513.3,90699.7,90285.2,90375.2,321.48562471,90469.4,22420
2026-01-11 00:00:00+00:00,90375.2,91132.3,90100.0,90849.8,530.87904628,90682.0,28579
2026-01-12 00:00:00+00:00,90861.1,92364.1,89995.2,91190.9,2284.21126004,91276.6,60464
2026-01-13 00:00:00+00:00,91191.0,96476.1,90938.2,95358.1,2717.43674662,93534.7,72166
2026-01-14 00:00:00+00:00,95358.2,97899.7,94509.0,96933.3,3358.96494088,96345.5,75046
2026-01-15 00:00:00+00:00,96933.4,97151.1,95101.0,95559.4,1870.71045174,96071.0,60044
2026-01-16 00:00:00+00:00,95559.5,95800.0,94260.4,95510.9,1432.87811291,95263.8,50358
2026-01-17 00:00:00+00:00,95510.3,95600.0,95002.6,95089.9,334.73351982,95286.9,24047
2026-01-18 00:00:00+00:00,95089.9,95480.8,93554.6,93632.6,792.58979663,94737.9,27682
2026-01-19 00:00:00+00:00,93626.8,93626.8,91866.0,92546.5,1735.79435983,92652.9,49740
2026-01-20 00:00:00+00:00,92546.5,92805.9,87784.4,88309.9,2628.22252262,90050.9,79549
2026-01-21 00:00:00+00:00,88309.9,91111.7,87200.0,89372.9,3765.13002971,89068.7,90105
2026-01-22 00:00:00+00:00,89372.9,90261.7,88422.6,89454.2,1500.85044825,89363.3,57433
2026-01-23 00:00:00+00:00,89454.2,91099.5,88470.9,89495.0,1485.49059313,89582.9,59936
2026-01-24 00:00:00+00:00,89495.0,89786.3,89038.1,89079.6,303.01299688,89375.3,22602
2026-01-25 00:00:00+00:00,89079.6,89177.0,86107.0,86361.4,2487.50022393,87507.0,53995
2026-01-24 00:00:00+00:00,89495.0,89786.3,89038.1,89079.6,303.01299688,89375.3,22602
2026-01-25 00:00:00+00:00,89079.6,89177.0,86107.0,86361.4,2487.50022393,87507.0,53995
