fixture_id,world_cup_year,date,round,team_id,team_name,is_home,opponent_id,opponent_name,goals_scored,goals_conceded,shots_on_goal,shots_off_goal,total_shots,blocked_shots,shots_insidebox,shots_outsidebox,fouls,corner_kicks,offsides,ball_possession,yellow_cards,red_cards,goalkeeper_saves,total_passes,passes_accurate,passes_pct
135761,2018,2018-06-30T14:00:00+00:00,Round of 16,2,France,True,26,Argentina,4,3,4,4,9,1,6,3,21,0,0,39.0,3,0,1,344,280,81.0
135761,2018,2018-06-30T14:00:00+00:00,Round of 16,26,Argentina,False,2,France,3,4,4,1,10,5,6,4,15,4,1,61.0,5,0,0,512,444,87.0
135762,2018,2018-06-30T18:00:00+00:00,Round of 16,7,Uruguay,True,27,Portugal,2,1,3,2,5,0,3,2,13,2,0,32.0,0,0,4,273,183,67.0
135762,2018,2018-06-30T18:00:00+00:00,Round of 16,27,Portugal,False,7,Uruguay,1,2,5,8,20,7,6,14,13,10,1,68.0,1,0,1,544,471,87.0
135763,2018,2018-07-01T14:00:00+00:00,Round of 16,9,Spain,True,4,Russia,1,1,9,7,23,7,14,9,5,6,1,78.0,1,0,0,1115,1008,90.0
135763,2018,2018-07-01T14:00:00+00:00,Round of 16,4,Russia,False,9,Spain,1,1,1,4,7,2,5,2,19,5,1,22.0,2,0,9,291,192,66.0
135764,2018,2018-07-01T18:00:00+00:00,Round of 16,3,Croatia,True,21,Denmark,1,1,6,7,20,7,8,12,5,5,2,53.0,0,0,2,602,482,80.0
135764,2018,2018-07-01T18:00:00+00:00,Round of 16,21,Denmark,False,3,Croatia,1,1,3,9,14,2,6,8,19,4,0,47.0,1,0,5,530,419,79.0
135765,2018,2018-07-02T14:00:00+00:00,Round of 16,6,Brazil,True,16,Mexico,2,0,10,6,20,4,14,6,6,8,0,48.0,2,0,1,383,320,84.0
135765,2018,2018-07-02T14:00:00+00:00,Round of 16,16,Mexico,False,6,Brazil,0,2,1,5,14,8,7,7,17,7,2,52.0,4,0,8,406,350,86.0
135766,2018,2018-07-02T18:00:00+00:00,Round of 16,1,Belgium,True,12,Japan,3,2,8,9,24,7,14,10,13,10,1,57.0,0,0,3,595,515,87.0
135766,2018,2018-07-02T18:00:00+00:00,Round of 16,12,Japan,False,1,Belgium,2,3,4,4,11,3,7,4,9,6,1,43.0,1,0,5,450,366,81.0
135767,2018,2018-07-03T14:00:00+00:00,Round of 16,5,Sweden,True,15,Switzerland,1,0,3,6,12,3,5,7,11,3,1,32.0,1,0,4,274,188,69.0
135767,2018,2018-07-03T14:00:00+00:00,Round of 16,15,Switzerland,False,5,Sweden,0,1,4,4,18,10,8,10,13,11,0,68.0,2,1,2,556,483,87.0
135768,2018,2018-07-03T18:00:00+00:00,Round of 16,8,Colombia,True,10,England,1,1,4,7,14,3,7,7,23,2,1,47.0,6,0,1,524,406,77.0
135768,2018,2018-07-03T18:00:00+00:00,Round of 16,10,England,False,8,Colombia,1,1,2,9,16,5,10,6,13,7,2,53.0,2,0,3,578,465,80.0
135769,2018,2018-07-06T14:00:00+00:00,Quarter-finals,7,Uruguay,True,2,France,0,2,4,6,11,1,6,5,17,4,0,38.0,2,0,0,311,199,64.0
135769,2018,2018-07-06T14:00:00+00:00,Quarter-finals,2,France,False,7,Uruguay,2,0,2,8,11,1,3,8,15,3,0,62.0,2,0,4,516,417,81.0
135770,2018,2018-07-06T18:00:00+00:00,Quarter-finals,6,Brazil,True,1,Belgium,1,2,9,7,27,11,16,11,14,8,1,58.0,2,0,2,521,463,89.0
135770,2018,2018-07-06T18:00:00+00:00,Quarter-finals,1,Belgium,False,6,Brazil,2,1,3,4,9,2,4,5,16,4,0,42.0,2,0,9,374,301,80.0
135771,2018,2018-07-07T14:00:00+00:00,Quarter-finals,5,Sweden,True,10,England,0,2,3,2,6,1,4,2,10,1,2,42.0,2,0,0,366,265,72.0
135771,2018,2018-07-07T14:00:00+00:00,Quarter-finals,10,England,False,5,Sweden,2,0,2,4,12,6,7,5,7,6,1,58.0,1,0,3,502,401,80.0
135772,2018,2018-07-07T18:00:00+00:00,Quarter-finals,4,Russia,True,3,Croatia,2,2,5,7,13,1,10,3,25,6,1,35.0,1,0,1,400,259,65.0
135772,2018,2018-07-07T18:00:00+00:00,Quarter-finals,3,Croatia,False,4,Russia,2,2,3,11,18,4,12,6,18,8,0,65.0,4,0,3,728,592,81.0
135773,2018,2018-07-10T18:00:00+00:00,Semi-finals,2,France,True,1,Belgium,1,0,5,8,19,6,12,7,6,4,1,36.0,2,0,3,345,289,84.0
135773,2018,2018-07-10T18:00:00+00:00,Semi-finals,1,Belgium,False,2,France,0,1,3,5,9,1,6,3,16,5,1,64.0,3,0,4,594,542,91.0
135774,2018,2018-07-11T18:00:00+00:00,Semi-finals,3,Croatia,True,10,England,2,1,7,11,22,4,12,10,23,8,1,55.0,2,0,0,590,474,80.0
135774,2018,2018-07-11T18:00:00+00:00,Semi-finals,10,England,False,3,Croatia,1,2,2,6,11,3,6,5,14,4,3,45.0,1,0,5,497,379,76.0
135775,2018,2018-07-14T14:00:00+00:00,3rd Place Final,1,Belgium,True,10,England,2,0,4,3,12,5,10,2,11,4,1,42.0,1,0,5,485,420,87.0
135775,2018,2018-07-14T14:00:00+00:00,3rd Place Final,10,England,False,1,Belgium,0,2,6,7,15,2,9,6,4,5,0,58.0,2,0,2,674,619,92.0
135776,2018,2018-07-15T15:00:00+00:00,Final,2,France,True,3,Croatia,4,2,6,0,7,1,2,5,13,2,1,34.0,2,0,2,289,198,69.0
135776,2018,2018-07-15T15:00:00+00:00,Final,3,Croatia,False,2,France,2,4,4,9,14,1,9,5,13,6,1,66.0,1,0,3,528,440,83.0
135777,2018,2018-06-14T15:00:00+00:00,Group Stage - 1,4,Russia,True,23,Saudi Arabia,5,0,7,3,14,4,11,3,22,6,3,38.0,1,0,0,345,251,73.0
135777,2018,2018-06-14T15:00:00+00:00,Group Stage - 1,23,Saudi Arabia,False,4,Russia,0,5,0,3,6,3,4,2,10,2,1,62.0,1,0,2,557,451,81.0
135778,2018,2018-06-15T12:00:00+00:00,Group Stage - 1,32,Egypt,True,7,Uruguay,0,1,3,3,8,2,4,4,12,0,1,41.0,2,0,4,424,313,74.0
135778,2018,2018-06-15T12:00:00+00:00,Group Stage - 1,7,Uruguay,False,32,Egypt,1,0,5,6,15,4,8,7,6,5,1,59.0,0,0,3,588,503,86.0
135779,2018,2018-06-15T15:00:00+00:00,Group Stage - 1,31,Morocco,True,22,Iran,0,1,3,6,13,4,9,4,22,5,0,67.0,1,0,2,461,374,81.0
135779,2018,2018-06-15T15:00:00+00:00,Group Stage - 1,22,Iran,False,31,Morocco,1,0,2,6,9,1,6,4,14,2,0,33.0,3,0,3,218,127,58.0
135780,2018,2018-06-15T18:00:00+00:00,Group Stage - 1,27,Portugal,True,9,Spain,3,3,3,3,9,3,3,6,12,4,1,33.0,1,0,3,372,307,83.0
135780,2018,2018-06-15T18:00:00+00:00,Group Stage - 1,9,Spain,False,27,Portugal,3,3,6,5,13,2,9,4,10,5,3,67.0,1,0,0,759,700,92.0
135781,2018,2018-06-16T10:00:00+00:00,Group Stage - 1,2,France,True,20,Australia,2,1,5,5,12,2,7,6,16,5,0,55.0,1,0,1,508,426,84.0
135781,2018,2018-06-16T10:00:00+00:00,Group Stage - 1,20,Australia,False,2,France,1,2,1,3,6,2,4,2,19,1,0,45.0,3,0,4,407,321,79.0
135782,2018,2018-06-16T13:00:00+00:00,Group Stage - 1,26,Argentina,True,18,Iceland,1,1,7,10,27,10,12,15,10,10,0,77.0,0,0,1,752,673,89.0
135782,2018,2018-06-16T13:00:00+00:00,Group Stage - 1,18,Iceland,False,26,Argentina,1,1,2,5,8,1,5,3,15,2,0,23.0,0,0,6,209,132,63.0
135783,2018,2018-06-16T16:00:00+00:00,Group Stage - 1,30,Peru,True,21,Denmark,0,1,6,9,17,2,13,4,10,3,5,53.0,1,0,2,418,341,82.0
135783,2018,2018-06-16T16:00:00+00:00,Group Stage - 1,21,Denmark,False,30,Peru,1,0,3,5,10,2,4,6,18,7,3,47.0,2,0,6,364,289,79.0
135784,2018,2018-06-16T19:00:00+00:00,Group Stage - 1,3,Croatia,True,19,Nigeria,2,0,2,7,11,2,8,4,20,6,2,54.0,2,0,2,483,383,79.0
135784,2018,2018-06-16T19:00:00+00:00,Group Stage - 1,19,Nigeria,False,3,Croatia,0,2,2,7,14,5,10,4,16,5,1,46.0,1,0,1,399,309,77.0
135785,2018,2018-06-17T12:00:00+00:00,Group Stage - 1,29,Costa Rica,True,14,Serbia,0,1,3,3,10,4,5,5,18,5,1,52.0,2,0,2,449,359,80.0
135785,2018,2018-06-17T12:00:00+00:00,Group Stage - 1,14,Serbia,False,29,Costa Rica,1,0,3,6,10,1,5,5,15,4,3,48.0,2,0,3,418,326,78.0
135786,2018,2018-06-17T15:00:00+00:00,Group Stage - 1,25,Germany,True,16,Mexico,0,1,9,8,26,9,12,14,10,8,1,66.0,2,0,3,596,518,87.0
135786,2018,2018-06-17T15:00:00+00:00,Group Stage - 1,16,Mexico,False,25,Germany,1,0,4,7,13,2,5,8,16,1,1,34.0,2,0,9,304,232,76.0
135787,2018,2018-06-17T18:00:00+00:00,Group Stage - 1,6,Brazil,True,15,Switzerland,1,1,5,10,21,6,12,9,11,7,1,54.0,1,0,1,544,478,88.0
135787,2018,2018-06-17T18:00:00+00:00,Group Stage - 1,15,Switzerland,False,6,Brazil,1,1,2,4,6,0,3,3,19,2,0,46.0,3,0,3,453,362,80.0
135788,2018,2018-06-18T12:00:00+00:00,Group Stage - 1,5,Sweden,True,17,South Korea,1,0,4,5,15,6,9,6,20,6,1,55.0,1,0,0,447,362,81.0
135788,2018,2018-06-18T12:00:00+00:00,Group Stage - 1,17,South Korea,False,5,Sweden,0,1,0,2,5,3,3,2,23,5,0,45.0,2,0,3,359,281,78.0
135789,2018,2018-06-18T15:00:00+00:00,Group Stage - 1,1,Belgium,True,11,Panama,3,0,6,7,15,2,10,5,17,9,1,61.0,3,0,2,568,485,85.0
135789,2018,2018-06-18T15:00:00+00:00,Group Stage - 1,11,Panama,False,1,Belgium,0,3,2,4,7,1,3,4,18,3,2,39.0,5,0,3,354,283,80.0
135790,2018,2018-06-18T18:00:00+00:00,Group Stage - 1,28,Tunisia,True,10,England,1,2,1,3,6,2,3,3,14,2,2,39.0,0,0,5,352,273,78.0
135790,2018,2018-06-18T18:00:00+00:00,Group Stage - 1,10,England,False,28,Tunisia,2,1,8,8,18,2,14,4,8,7,3,61.0,1,0,0,531,457,86.0
135791,2018,2018-06-19T12:00:00+00:00,Group Stage - 1,8,Colombia,True,12,Japan,1,2,3,1,8,4,5,3,15,3,2,38.0,2,1,4,376,289,77.0
135791,2018,2018-06-19T12:00:00+00:00,Group Stage - 1,12,Japan,False,8,Colombia,2,1,6,5,14,3,12,2,9,6,1,62.0,1,0,2,595,516,87.0
135792,2018,2018-06-19T15:00:00+00:00,Group Stage - 1,24,Poland,True,13,Senegal,1,2,4,6,11,1,6,5,8,3,3,61.0,1,0,1,569,472,83.0
135792,2018,2018-06-19T15:00:00+00:00,Group Stage - 1,13,Senegal,False,24,Poland,2,1,2,4,8,2,6,3,15,3,2,39.0,2,0,3,360,279,78.0
135793,2018,2018-06-19T18:00:00+00:00,Group Stage - 2,4,Russia,True,32,Egypt,3,1,3,6,11,2,5,7,11,7,0,49.0,1,0,0,422,304,72.0
135793,2018,2018-06-19T18:00:00+00:00,Group Stage - 2,32,Egypt,False,4,Russia,1,3,1,8,13,4,7,6,10,4,0,51.0,1,0,1,443,347,78.0
135794,2018,2018-06-20T12:00:00+00:00,Group Stage - 2,27,Portugal,True,31,Morocco,1,0,2,4,10,4,4,6,19,5,1,45.0,1,0,4,396,284,72.0
135794,2018,2018-06-20T12:00:00+00:00,Group Stage - 2,31,Morocco,False,27,Portugal,0,1,4,9,15,2,11,4,23,7,1,55.0,1,0,1,467,357,76.0
135795,2018,2018-06-20T15:00:00+00:00,Group Stage - 2,7,Uruguay,True,23,Saudi Arabia,1,0,3,6,13,4,9,4,10,3,1,47.0,0,0,2,502,426,85.0
135795,2018,2018-06-20T15:00:00+00:00,Group Stage - 2,23,Saudi Arabia,False,7,Uruguay,0,1,2,4,8,2,3,5,13,4,2,53.0,0,0,2,550,478,87.0
135796,2018,2018-06-20T18:00:00+00:00,Group Stage - 2,22,Iran,True,9,Spain,0,1,0,7,7,0,5,2,14,2,2,22.0,2,0,2,216,139,64.0
135796,2018,2018-06-20T18:00:00+00:00,Group Stage - 2,9,Spain,False,22,Iran,1,0,5,5,18,8,10,8,14,6,1,78.0,0,0,0,776,701,90.0
135797,2018,2018-06-21T12:00:00+00:00,Group Stage - 2,21,Denmark,True,20,Australia,1,1,5,5,10,0,7,3,7,3,1,47.0,2,0,3,453,388,86.0
135797,2018,2018-06-21T12:00:00+00:00,Group Stage - 2,20,Australia,False,21,Denmark,1,1,4,4,13,5,8,5,5,5,0,53.0,0,0,5,504,423,84.0
135798,2018,2018-06-21T15:00:00+00:00,Group Stage - 2,2,France,True,30,Peru,1,0,4,6,12,2,9,3,11,5,0,43.0,2,0,2,396,308,78.0
135798,2018,2018-06-21T15:00:00+00:00,Group Stage - 2,30,Peru,False,2,France,0,1,2,6,10,2,3,7,15,3,1,57.0,2,0,3,513,416,81.0
135799,2018,2018-06-21T18:00:00+00:00,Group Stage - 2,26,Argentina,True,3,Croatia,0,3,3,3,10,4,8,2,16,5,3,57.0,3,0,2,499,397,80.0
135799,2018,2018-06-21T18:00:00+00:00,Group Stage - 2,3,Croatia,False,26,Argentina,3,0,5,6,14,3,7,7,22,2,3,43.0,4,0,3,367,278,76.0
135800,2018,2018-06-22T12:00:00+00:00,Group Stage - 2,6,Brazil,True,29,Costa Rica,2,0,10,10,22,2,12,10,11,9,3,71.0,2,0,0,705,645,91.0
135800,2018,2018-06-22T12:00:00+00:00,Group Stage - 2,29,Costa Rica,False,6,Brazil,0,2,0,3,3,0,1,2,11,1,3,29.0,1,0,7,280,198,71.0
135801,2018,2018-06-22T15:00:00+00:00,Group Stage - 2,19,Nigeria,True,18,Iceland,2,0,4,6,16,6,7,9,9,6,1,61.0,1,0,3,488,394,81.0
135801,2018,2018-06-22T15:00:00+00:00,Group Stage - 2,18,Iceland,False,19,Nigeria,0,2,3,5,9,1,6,3,10,5,0,39.0,0,0,2,303,215,71.0
135802,2018,2018-06-22T18:00:00+00:00,Group Stage - 2,14,Serbia,True,15,Switzerland,1,2,3,8,13,2,10,3,17,3,0,37.0,4,0,3,308,234,76.0
135802,2018,2018-06-22T18:00:00+00:00,Group Stage - 2,15,Switzerland,False,14,Serbia,2,1,5,7,20,8,8,12,13,7,3,63.0,1,0,2,535,455,85.0
135803,2018,2018-06-23T12:00:00+00:00,Group Stage - 2,1,Belgium,True,28,Tunisia,5,2,12,8,23,3,15,8,12,5,3,49.0,0,0,3,445,374,84.0
135803,2018,2018-06-23T12:00:00+00:00,Group Stage - 2,28,Tunisia,False,1,Belgium,2,5,5,8,16,3,5,11,13,2,3,51.0,1,0,6,452,367,81.0
135804,2018,2018-06-23T15:00:00+00:00,Group Stage - 2,17,South Korea,True,16,Mexico,1,2,6,2,17,9,6,11,24,7,0,41.0,4,0,3,344,279,81.0
135804,2018,2018-06-23T15:00:00+00:00,Group Stage - 2,16,Mexico,False,17,South Korea,2,1,5,7,13,1,7,6,7,5,0,59.0,0,0,5,476,415,87.0
135805,2018,2018-06-23T18:00:00+00:00,Group Stage - 2,25,Germany,True,5,Sweden,2,1,6,5,18,7,11,7,12,8,5,75.0,2,1,4,676,600,89.0
135805,2018,2018-06-23T18:00:00+00:00,Group Stage - 2,5,Sweden,False,25,Germany,1,2,5,1,7,1,6,1,13,3,2,25.0,2,0,4,222,154,69.0
135806,2018,2018-06-24T12:00:00+00:00,Group Stage - 2,10,England,True,11,Panama,6,1,7,2,11,2,7,4,13,3,3,59.0,1,0,1,594,547,92.0
135806,2018,2018-06-24T12:00:00+00:00,Group Stage - 2,11,Panama,False,10,England,1,6,2,5,8,1,4,4,13,2,0,41.0,3,0,1,393,348,89.0
135807,2018,2018-06-24T15:00:00+00:00,Group Stage - 2,12,Japan,True,13,Senegal,2,2,3,2,7,2,5,2,8,2,2,56.0,2,0,5,462,369,80.0
135807,2018,2018-06-24T15:00:00+00:00,Group Stage - 2,13,Senegal,False,12,Japan,2,2,7,5,15,3,11,4,15,5,4,44.0,3,0,1,339,257,76.0
135808,2018,2018-06-24T18:00:00+00:00,Group Stage - 2,24,Poland,True,8,Colombia,0,3,2,2,9,5,6,3,15,7,1,45.0,2,0,0,421,321,76.0
135808,2018,2018-06-24T18:00:00+00:00,Group Stage - 2,8,Colombia,False,24,Poland,3,0,4,5,13,4,5,8,10,5,1,55.0,0,0,2,505,420,83.0
135809,2018,2018-06-25T14:00:00+00:00,Group Stage - 3,7,Uruguay,True,4,Russia,3,0,6,6,16,4,8,9,17,4,0,57.0,1,0,1,492,415,84.0
135809,2018,2018-06-25T14:00:00+00:00,Group Stage - 3,4,Russia,False,7,Uruguay,0,3,1,1,3,1,2,1,18,2,2,43.0,3,1,4,356,281,79.0
135810,2018,2018-06-25T14:00:00+00:00,Group Stage - 3,23,Saudi Arabia,True,32,Egypt,2,1,8,10,23,5,11,12,7,7,1,64.0,0,0,0,647,582,90.0
135810,2018,2018-06-25T14:00:00+00:00,Group Stage - 3,32,Egypt,False,23,Saudi Arabia,1,2,1,5,7,1,3,4,16,2,3,36.0,2,0,6,362,289,80.0
135811,2018,2018-06-25T18:00:00+00:00,Group Stage - 3,22,Iran,True,27,Portugal,1,1,2,4,7,1,3,4,16,1,1,26.0,2,0,3,213,139,65.0
135811,2018,2018-06-25T18:00:00+00:00,Group Stage - 3,27,Portugal,False,22,Iran,1,1,4,7,14,3,5,9,11,5,1,74.0,4,0,1,608,528,87.0
135812,2018,2018-06-25T18:00:00+00:00,Group Stage - 3,9,Spain,True,31,Morocco,2,2,5,12,18,1,13,5,5,7,1,74.0,0,0,1,742,678,91.0
135812,2018,2018-06-25T18:00:00+00:00,Group Stage - 3,31,Morocco,False,9,Spain,2,2,3,2,6,1,4,2,17,1,1,26.0,6,0,2,245,189,77.0
135813,2018,2018-06-26T14:00:00+00:00,Group Stage - 3,21,Denmark,True,2,France,0,0,2,1,5,2,1,4,10,4,1,32.0,1,0,3,322,228,71.0
135813,2018,2018-06-26T14:00:00+00:00,Group Stage - 3,2,France,False,21,Denmark,0,0,3,7,11,1,4,7,10,2,1,68.0,0,0,2,657,574,87.0
135814,2018,2018-06-26T14:00:00+00:00,Group Stage - 3,20,Australia,True,30,Peru,0,2,2,7,14,5,9,5,14,8,3,57.0,4,0,1,526,459,87.0
135814,2018,2018-06-26T14:00:00+00:00,Group Stage - 3,30,Peru,False,20,Australia,2,0,3,1,4,0,3,1,12,3,1,43.0,2,0,2,409,329,80.0
135815,2018,2018-06-26T18:00:00+00:00,Group Stage - 3,19,Nigeria,True,26,Argentina,1,2,3,5,9,1,4,5,20,3,0,33.0,2,0,2,283,186,66.0
135815,2018,2018-06-26T18:00:00+00:00,Group Stage - 3,26,Argentina,False,19,Nigeria,2,1,4,2,8,2,7,1,15,5,2,67.0,3,0,2,572,471,82.0
135816,2018,2018-06-26T18:00:00+00:00,Group Stage - 3,18,Iceland,True,3,Croatia,1,2,6,8,16,2,12,4,10,10,1,38.0,3,0,0,314,226,72.0
135816,2018,2018-06-26T18:00:00+00:00,Group Stage - 3,3,Croatia,False,18,Iceland,2,1,2,8,14,4,4,10,11,5,2,62.0,2,0,5,518,447,86.0
135817,2018,2018-06-27T14:00:00+00:00,Group Stage - 3,17,South Korea,True,25,Germany,2,0,5,5,12,2,4,8,16,3,0,26.0,4,0,6,248,174,70.0
135817,2018,2018-06-27T14:00:00+00:00,Group Stage - 3,25,Germany,False,17,South Korea,0,2,6,13,28,9,20,8,7,9,1,74.0,0,0,3,698,625,90.0
135818,2018,2018-06-27T14:00:00+00:00,Group Stage - 3,16,Mexico,True,5,Sweden,0,3,3,8,20,9,10,10,14,7,2,66.0,3,0,3,472,389,82.0
135818,2018,2018-06-27T14:00:00+00:00,Group Stage - 3,5,Sweden,False,16,Mexico,3,0,5,9,15,1,13,3,11,3,0,34.0,2,0,3,241,147,61.0
135819,2018,2018-06-27T18:00:00+00:00,Group Stage - 3,14,Serbia,True,6,Brazil,0,2,2,5,10,3,6,4,13,5,2,42.0,3,0,4,442,351,79.0
135819,2018,2018-06-27T18:00:00+00:00,Group Stage - 3,6,Brazil,False,14,Serbia,2,0,6,3,14,5,10,4,7,9,4,58.0,0,0,1,632,543,86.0
135820,2018,2018-06-27T18:00:00+00:00,Group Stage - 3,15,Switzerland,True,29,Costa Rica,2,2,3,6,13,4,8,5,9,6,1,62.0,3,0,5,565,489,87.0
135820,2018,2018-06-27T18:00:00+00:00,Group Stage - 3,29,Costa Rica,False,15,Switzerland,2,2,6,6,14,2,9,6,14,5,1,38.0,3,0,1,341,268,79.0
135821,2018,2018-06-28T14:00:00+00:00,Group Stage - 3,12,Japan,True,24,Poland,0,1,3,4,10,3,7,3,11,5,1,54.0,1,0,2,541,470,87.0
135821,2018,2018-06-28T14:00:00+00:00,Group Stage - 3,24,Poland,False,12,Japan,1,0,2,5,11,4,7,4,8,7,0,46.0,0,0,3,457,382,84.0
135822,2018,2018-06-28T14:00:00+00:00,Group Stage - 3,13,Senegal,True,8,Colombia,0,1,3,4,7,0,4,3,15,1,3,40.0,1,0,1,303,223,74.0
135822,2018,2018-06-28T14:00:00+00:00,Group Stage - 3,8,Colombia,False,13,Senegal,1,0,2,1,4,1,3,1,15,3,3,60.0,1,0,4,432,352,81.0
135823,2018,2018-06-28T18:00:00+00:00,Group Stage - 3,10,England,True,1,Belgium,0,1,2,6,11,3,6,5,11,7,3,46.0,0,0,2,467,410,88.0
135823,2018,2018-06-28T18:00:00+00:00,Group Stage - 3,1,Belgium,False,10,England,1,0,4,3,14,7,9,5,14,2,1,54.0,2,0,1,547,477,87.0
135824,2018,2018-06-28T18:00:00+00:00,Group Stage - 3,11,Panama,True,28,Tunisia,1,2,4,4,9,1,6,4,18,0,4,30.0,3,0,4,277,206,74.0
135824,2018,2018-06-28T18:00:00+00:00,Group Stage - 3,28,Tunisia,False,11,Panama,2,1,6,5,14,3,11,3,19,6,1,70.0,3,0,4,618,530,86.0
855734,2022,2022-11-21T16:00:00+00:00,Group Stage - 1,13,Senegal,True,1118,Netherlands,0,2,4,7,15,4,8,7,13,6,2,47.0,2,0,1,385,307,80.0
855734,2022,2022-11-21T16:00:00+00:00,Group Stage - 1,1118,Netherlands,False,13,Senegal,2,0,3,4,10,3,6,4,13,7,1,53.0,1,0,4,436,355,81.0
855735,2022,2022-11-21T13:00:00+00:00,Group Stage - 1,10,England,True,22,Iran,6,2,7,2,13,4,10,3,9,8,2,78.0,0,0,1,797,716,90.0
855735,2022,2022-11-21T13:00:00+00:00,Group Stage - 1,22,Iran,False,10,England,2,6,3,4,8,1,6,2,14,0,2,22.0,2,0,1,215,142,66.0
855736,2022,2022-11-20T16:00:00+00:00,Group Stage - 1,1569,Qatar,True,2382,Ecuador,0,2,0,5,5,0,2,3,15,1,3,47.0,4,0,1,434,351,81.0
855736,2022,2022-11-20T16:00:00+00:00,Group Stage - 1,2382,Ecuador,False,1569,Qatar,2,0,3,3,6,0,3,3,15,3,4,53.0,2,0,0,486,412,85.0
855737,2022,2022-11-22T10:00:00+00:00,Group Stage - 1,26,Argentina,True,23,Saudi Arabia,1,2,6,6,15,3,11,4,7,9,10,69.0,0,0,0,596,508,85.0
855737,2022,2022-11-22T10:00:00+00:00,Group Stage - 1,23,Saudi Arabia,False,26,Argentina,2,1,2,0,3,1,3,0,21,2,1,31.0,6,0,5,266,181,68.0
855738,2022,2022-11-22T13:00:00+00:00,Group Stage - 1,21,Denmark,True,28,Tunisia,0,0,5,3,11,3,7,4,9,11,1,61.0,2,0,1,595,501,84.0
855738,2022,2022-11-22T13:00:00+00:00,Group Stage - 1,28,Tunisia,False,21,Denmark,0,0,1,5,13,7,8,5,10,9,1,39.0,1,0,5,374,280,75.0
855739,2022,2022-11-22T16:00:00+00:00,Group Stage - 1,16,Mexico,True,24,Poland,0,0,4,4,11,3,7,4,14,6,3,61.0,2,0,2,488,407,83.0
855739,2022,2022-11-22T16:00:00+00:00,Group Stage - 1,24,Poland,False,16,Mexico,0,0,2,3,6,1,5,1,15,5,0,39.0,1,0,4,322,228,71.0
855740,2022,2022-11-23T10:00:00+00:00,Group Stage - 1,31,Morocco,True,3,Croatia,0,0,2,0,8,6,3,5,16,0,0,35.0,1,0,1,348,273,78.0
855740,2022,2022-11-23T10:00:00+00:00,Group Stage - 1,3,Croatia,False,31,Morocco,0,0,2,2,5,1,3,2,11,5,1,65.0,0,0,2,642,551,86.0
855741,2022,2022-11-23T13:00:00+00:00,Group Stage - 1,25,Germany,True,12,Japan,1,2,9,11,26,6,16,10,6,6,4,74.0,0,0,2,771,686,89.0
855741,2022,2022-11-23T13:00:00+00:00,Group Stage - 1,12,Japan,False,25,Germany,2,1,4,4,12,4,12,0,14,6,4,26.0,0,0,8,269,190,71.0
855742,2022,2022-11-23T19:00:00+00:00,Group Stage - 1,1,Belgium,True,5529,Canada,1,0,3,3,9,3,6,3,11,4,0,54.0,3,0,3,520,432,83.0
855742,2022,2022-11-23T19:00:00+00:00,Group Stage - 1,5529,Canada,False,1,Belgium,0,1,3,11,22,8,18,4,14,4,1,46.0,2,0,2,429,353,82.0
855743,2022,2022-11-24T10:00:00+00:00,Group Stage - 1,15,Switzerland,True,1530,Cameroon,1,0,3,3,7,1,5,2,12,11,2,51.0,2,0,5,514,432,84.0
855743,2022,2022-11-24T10:00:00+00:00,Group Stage - 1,1530,Cameroon,False,15,Switzerland,0,1,5,2,8,1,7,1,10,5,2,49.0,1,0,2,494,420,85.0
855744,2022,2022-11-24T13:00:00+00:00,Group Stage - 1,7,Uruguay,True,17,South Korea,0,0,1,7,10,2,6,4,7,4,1,56.0,1,0,0,548,448,82.0
855744,2022,2022-11-24T13:00:00+00:00,Group Stage - 1,17,South Korea,False,7,Uruguay,0,0,0,6,7,1,2,5,10,3,0,44.0,1,0,1,418,326,78.0
855745,2022,2022-11-24T16:00:00+00:00,Group Stage - 1,27,Portugal,True,1504,Ghana,3,2,5,3,11,3,7,4,14,3,1,62.0,2,0,1,622,552,89.0
855745,2022,2022-11-24T16:00:00+00:00,Group Stage - 1,1504,Ghana,False,27,Portugal,2,3,3,5,9,1,3,6,19,3,1,38.0,4,0,2,387,315,81.0
855746,2022,2022-11-24T19:00:00+00:00,Group Stage - 1,6,Brazil,True,14,Serbia,2,0,8,9,22,5,11,11,7,6,1,59.0,0,0,0,582,504,87.0
855746,2022,2022-11-24T19:00:00+00:00,Group Stage - 1,14,Serbia,False,6,Brazil,0,2,0,3,5,2,2,3,12,4,0,41.0,3,0,6,406,326,80.0
855747,2022,2022-11-25T13:00:00+00:00,Group Stage - 2,1569,Qatar,True,13,Senegal,1,3,3,5,10,2,5,5,7,6,4,45.0,3,0,2,406,329,81.0
855747,2022,2022-11-25T13:00:00+00:00,Group Stage - 2,13,Senegal,False,1569,Qatar,3,1,5,6,13,2,10,3,12,6,3,55.0,3,0,2,502,432,86.0
855748,2022,2022-11-25T16:00:00+00:00,Group Stage - 2,1118,Netherlands,True,2382,Ecuador,1,1,1,1,2,0,0,2,15,2,1,54.0,0,0,3,506,418,83.0
855748,2022,2022-11-25T16:00:00+00:00,Group Stage - 2,2382,Ecuador,False,1118,Netherlands,1,1,4,4,15,7,10,5,12,5,4,46.0,1,0,0,413,328,79.0
855749,2022,2022-11-25T19:00:00+00:00,Group Stage - 2,10,England,True,2384,USA,0,0,3,4,8,1,6,2,9,3,1,56.0,0,0,1,541,472,87.0
855749,2022,2022-11-25T19:00:00+00:00,Group Stage - 2,2384,USA,False,10,England,0,0,1,5,10,4,6,4,15,7,0,44.0,0,0,3,422,352,83.0
855750,2022,2022-11-26T13:00:00+00:00,Group Stage - 2,24,Poland,True,23,Saudi Arabia,2,0,3,4,9,2,9,0,18,4,0,36.0,3,0,5,297,228,77.0
855750,2022,2022-11-26T13:00:00+00:00,Group Stage - 2,23,Saudi Arabia,False,24,Poland,0,2,5,8,16,3,9,7,15,5,0,64.0,2,0,1,537,456,85.0
855751,2022,2022-11-26T16:00:00+00:00,Group Stage - 2,2,France,True,21,Denmark,2,1,7,6,21,8,16,5,4,6,1,49.0,1,0,1,491,421,86.0
855751,2022,2022-11-26T16:00:00+00:00,Group Stage - 2,21,Denmark,False,2,France,1,2,2,6,10,2,5,5,9,4,1,51.0,2,0,4,528,456,86.0
855752,2022,2022-11-26T19:00:00+00:00,Group Stage - 2,26,Argentina,True,16,Mexico,2,0,2,3,5,0,2,3,15,4,2,59.0,1,0,1,528,446,84.0
855752,2022,2022-11-26T19:00:00+00:00,Group Stage - 2,16,Mexico,False,26,Argentina,0,2,1,2,4,1,1,3,19,2,4,41.0,4,0,0,370,284,77.0
855753,2022,2022-11-27T13:00:00+00:00,Group Stage - 2,1,Belgium,True,31,Morocco,0,2,3,5,10,2,5,5,10,9,3,67.0,1,0,2,652,577,88.0
855753,2022,2022-11-27T13:00:00+00:00,Group Stage - 2,31,Morocco,False,1,Belgium,2,0,4,6,10,0,6,4,14,1,3,33.0,1,0,3,328,274,84.0
855754,2022,2022-11-27T16:00:00+00:00,Group Stage - 2,3,Croatia,True,5529,Canada,4,1,10,3,13,0,9,4,13,5,1,48.0,2,0,1,443,372,84.0
855754,2022,2022-11-27T16:00:00+00:00,Group Stage - 2,5529,Canada,False,3,Croatia,1,4,2,3,8,3,1,7,5,2,3,52.0,2,0,6,473,399,84.0
855755,2022,2022-11-27T19:00:00+00:00,Group Stage - 2,9,Spain,True,25,Germany,1,1,3,2,7,2,3,4,13,6,2,64.0,1,0,3,634,542,85.0
855755,2022,2022-11-27T19:00:00+00:00,Group Stage - 2,25,Germany,False,9,Spain,1,1,4,4,11,3,8,3,11,5,5,36.0,3,0,2,344,271,79.0
855756,2022,2022-11-28T10:00:00+00:00,Group Stage - 2,1530,Cameroon,True,14,Serbia,3,3,8,2,13,3,9,4,8,4,0,41.0,2,0,2,340,244,72.0
855756,2022,2022-11-28T10:00:00+00:00,Group Stage - 2,14,Serbia,False,1530,Cameroon,3,3,5,8,15,2,10,5,13,3,4,59.0,2,0,5,503,409,81.0
855757,2022,2022-11-28T13:00:00+00:00,Group Stage - 2,17,South Korea,True,1504,Ghana,2,3,7,5,22,10,16,6,13,12,1,63.0,2,0,0,528,455,86.0
855757,2022,2022-11-28T13:00:00+00:00,Group Stage - 2,1504,Ghana,False,17,South Korea,3,2,3,4,7,0,6,1,9,5,1,37.0,2,0,4,320,254,79.0
855758,2022,2022-11-28T16:00:00+00:00,Group Stage - 2,6,Brazil,True,15,Switzerland,1,0,5,3,13,5,10,3,10,8,3,54.0,1,0,0,550,483,88.0
855758,2022,2022-11-28T16:00:00+00:00,Group Stage - 2,15,Switzerland,False,6,Brazil,0,1,0,2,6,4,4,2,17,3,1,46.0,1,0,4,482,404,84.0
855759,2022,2022-11-28T19:00:00+00:00,Group Stage - 2,27,Portugal,True,7,Uruguay,2,0,3,6,15,6,4,11,10,6,3,60.0,3,0,3,603,501,83.0
855759,2022,2022-11-28T19:00:00+00:00,Group Stage - 2,7,Uruguay,False,27,Portugal,0,2,3,6,11,2,7,4,16,2,0,40.0,2,0,1,403,295,73.0
855760,2022,2022-11-29T15:00:00+00:00,Group Stage - 3,1118,Netherlands,True,1569,Qatar,2,0,4,6,13,3,10,3,19,4,5,63.0,1,0,3,783,718,92.0
855760,2022,2022-11-29T15:00:00+00:00,Group Stage - 3,1569,Qatar,False,1118,Netherlands,0,2,3,2,5,0,1,4,9,2,0,37.0,0,0,2,452,371,82.0
855761,2022,2022-11-29T15:00:00+00:00,Group Stage - 3,2382,Ecuador,True,13,Senegal,1,2,4,3,9,2,6,3,23,3,0,61.0,0,0,1,434,336,77.0
855761,2022,2022-11-29T15:00:00+00:00,Group Stage - 3,13,Senegal,False,2382,Ecuador,2,1,3,7,14,4,10,4,11,6,3,39.0,1,0,3,267,181,68.0
855762,2022,2022-11-29T19:00:00+00:00,Group Stage - 3,22,Iran,True,2384,USA,0,1,1,3,4,0,3,1,14,1,2,49.0,3,0,4,466,361,77.0
855762,2022,2022-11-29T19:00:00+00:00,Group Stage - 3,2384,USA,False,22,Iran,1,0,5,4,12,3,8,4,10,5,1,51.0,1,0,0,474,397,84.0
855763,2022,2022-11-30T15:00:00+00:00,Group Stage - 3,28,Tunisia,True,2,France,1,0,3,2,5,0,3,2,14,7,3,34.0,1,0,3,312,243,78.0
855763,2022,2022-11-30T15:00:00+00:00,Group Stage - 3,2,France,False,28,Tunisia,0,1,3,3,10,4,5,5,6,8,2,66.0,0,0,2,622,534,86.0
855764,2022,2022-11-30T19:00:00+00:00,Group Stage - 3,24,Poland,True,26,Argentina,0,2,0,2,4,2,2,2,6,1,0,27.0,1,0,9,317,245,77.0
855764,2022,2022-11-30T19:00:00+00:00,Group Stage - 3,26,Argentina,False,24,Poland,2,0,12,7,23,4,20,3,11,9,1,73.0,1,0,0,868,800,92.0
855765,2022,2022-11-30T19:00:00+00:00,Group Stage - 3,23,Saudi Arabia,True,16,Mexico,1,2,2,7,10,1,7,3,20,1,2,39.0,6,0,8,287,166,58.0
855765,2022,2022-11-30T19:00:00+00:00,Group Stage - 3,16,Mexico,False,23,Saudi Arabia,2,1,11,7,26,8,10,16,18,8,6,61.0,1,0,1,426,320,75.0
855766,2022,2022-12-01T15:00:00+00:00,Group Stage - 3,3,Croatia,True,1,Belgium,0,0,4,6,11,1,7,4,7,2,4,48.0,0,0,3,554,471,85.0
855766,2022,2022-12-01T15:00:00+00:00,Group Stage - 3,1,Belgium,False,3,Croatia,0,0,3,8,16,5,13,3,9,4,0,52.0,1,0,4,593,521,88.0
855767,2022,2022-12-01T15:00:00+00:00,Group Stage - 3,5529,Canada,True,31,Morocco,1,2,0,4,5,1,4,1,14,6,4,59.0,4,0,0,524,453,86.0
855767,2022,2022-12-01T15:00:00+00:00,Group Stage - 3,31,Morocco,False,5529,Canada,2,1,2,2,6,2,3,3,14,2,4,41.0,0,0,0,373,295,79.0
855768,2022,2022-12-01T19:00:00+00:00,Group Stage - 3,12,Japan,True,9,Spain,2,1,3,2,6,1,4,2,9,0,2,18.0,3,0,4,228,153,67.0
855768,2022,2022-12-01T19:00:00+00:00,Group Stage - 3,9,Spain,False,12,Japan,1,2,5,2,12,5,6,6,6,2,2,82.0,0,0,1,1058,969,92.0
855769,2022,2022-12-02T15:00:00+00:00,Group Stage - 3,17,South Korea,True,27,Portugal,2,1,6,2,13,5,7,6,9,5,1,39.0,2,0,5,357,281,79.0
855769,2022,2022-12-02T15:00:00+00:00,Group Stage - 3,27,Portugal,False,17,South Korea,1,2,6,3,13,4,7,6,10,4,5,61.0,0,0,4,574,503,88.0
855770,2022,2022-12-02T15:00:00+00:00,Group Stage - 3,1504,Ghana,True,7,Uruguay,0,2,4,3,10,3,5,5,18,5,2,51.0,2,0,4,432,344,80.0
855770,2022,2022-12-02T15:00:00+00:00,Group Stage - 3,7,Uruguay,False,1504,Ghana,2,0,7,5,12,0,7,5,11,2,2,49.0,5,0,4,433,335,77.0
855771,2022,2022-12-02T19:00:00+00:00,Group Stage - 3,1530,Cameroon,True,6,Brazil,1,0,3,3,7,1,5,2,14,3,0,35.0,5,1,7,299,231,77.0
855771,2022,2022-12-02T19:00:00+00:00,Group Stage - 3,6,Brazil,False,1530,Cameroon,0,1,7,11,21,3,16,5,14,11,1,65.0,2,0,2,541,475,88.0
855772,2022,2022-12-02T19:00:00+00:00,Group Stage - 3,14,Serbia,True,15,Switzerland,2,3,4,6,12,2,11,1,18,2,0,54.0,7,0,4,466,363,78.0
855772,2022,2022-12-02T19:00:00+00:00,Group Stage - 3,15,Switzerland,False,14,Serbia,3,2,7,4,14,3,10,4,14,0,0,46.0,4,0,2,415,319,77.0
866681,2022,2022-11-21T19:00:00+00:00,Group Stage - 1,2384,USA,True,767,Wales,1,1,1,4,6,1,4,2,15,5,1,59.0,4,0,2,567,495,87.0
866681,2022,2022-11-21T19:00:00+00:00,Group Stage - 1,767,Wales,False,2384,USA,1,1,3,3,7,1,5,2,10,3,1,41.0,2,0,1,403,308,76.0
866682,2022,2022-11-25T10:00:00+00:00,Group Stage - 2,767,Wales,True,22,Iran,0,2,3,5,10,2,6,4,9,2,2,62.0,1,1,4,501,390,78.0
866682,2022,2022-11-25T10:00:00+00:00,Group Stage - 2,22,Iran,False,767,Wales,2,0,6,6,21,9,7,14,10,7,2,38.0,2,0,3,298,197,66.0
866683,2022,2022-11-29T19:00:00+00:00,Group Stage - 3,767,Wales,True,10,England,0,3,1,3,7,3,1,6,16,1,1,35.0,2,0,4,329,257,78.0
866683,2022,2022-11-29T19:00:00+00:00,Group Stage - 3,10,England,False,767,Wales,3,0,7,6,18,5,14,4,9,6,1,65.0,0,0,1,594,525,88.0
871850,2022,2022-11-22T19:00:00+00:00,Group Stage - 1,2,France,True,20,Australia,4,1,7,10,23,6,19,4,5,8,0,62.0,0,0,0,723,646,89.0
871850,2022,2022-11-22T19:00:00+00:00,Group Stage - 1,20,Australia,False,2,France,1,4,1,3,4,0,2,2,11,1,0,38.0,3,0,2,440,368,84.0
871851,2022,2022-11-23T16:00:00+00:00,Group Stage - 1,9,Spain,True,29,Costa Rica,7,0,8,7,17,2,13,4,8,5,3,82.0,0,0,0,1045,978,94.0
871851,2022,2022-11-23T16:00:00+00:00,Group Stage - 1,29,Costa Rica,False,9,Spain,0,7,0,0,0,0,0,0,12,0,7,18.0,2,0,1,230,165,72.0
871852,2022,2022-11-26T10:00:00+00:00,Group Stage - 2,28,Tunisia,True,20,Australia,0,1,4,4,14,6,9,5,16,5,3,58.0,3,0,1,497,378,76.0
871852,2022,2022-11-26T10:00:00+00:00,Group Stage - 2,20,Australia,False,28,Tunisia,1,0,2,5,9,2,6,3,15,2,0,42.0,0,0,4,351,239,68.0
871853,2022,2022-11-27T10:00:00+00:00,Group Stage - 2,12,Japan,True,29,Costa Rica,0,1,3,3,13,7,6,7,22,5,0,57.0,3,0,0,582,505,87.0
871853,2022,2022-11-27T10:00:00+00:00,Group Stage - 2,29,Costa Rica,False,12,Japan,1,0,1,2,4,1,1,3,9,0,2,43.0,3,0,3,443,353,80.0
871854,2022,2022-11-30T15:00:00+00:00,Group Stage - 3,20,Australia,True,21,Denmark,1,0,4,2,8,2,4,4,11,2,1,31.0,2,0,3,304,195,64.0
871854,2022,2022-11-30T15:00:00+00:00,Group Stage - 3,21,Denmark,False,20,Australia,0,1,3,5,13,5,11,2,10,6,3,69.0,1,0,3,664,548,83.0
871855,2022,2022-12-01T19:00:00+00:00,Group Stage - 3,29,Costa Rica,True,25,Germany,2,4,5,1,7,1,5,2,3,1,4,32.0,1,0,7,337,252,75.0
871855,2022,2022-12-01T19:00:00+00:00,Group Stage - 3,25,Germany,False,29,Costa Rica,4,2,11,15,32,6,24,8,9,14,3,68.0,0,0,4,713,638,89.0
976533,2022,2022-12-03T15:00:00+00:00,Round of 16,1118,Netherlands,True,2384,USA,3,1,6,4,11,1,7,4,10,4,0,42.0,2,0,5,414,315,76.0
976533,2022,2022-12-03T15:00:00+00:00,Round of 16,2384,USA,False,1118,Netherlands,1,3,8,5,17,4,11,6,5,5,3,58.0,0,0,4,569,473,83.0
976534,2022,2022-12-04T19:00:00+00:00,Round of 16,10,England,True,13,Senegal,3,0,4,4,8,0,7,1,16,3,0,61.0,0,0,1,589,505,86.0
976534,2022,2022-12-04T19:00:00+00:00,Round of 16,13,Senegal,False,10,England,0,3,1,5,10,4,4,6,12,3,0,39.0,1,0,1,369,296,80.0
976642,2022,2022-12-03T19:00:00+00:00,Round of 16,26,Argentina,True,20,Australia,2,1,5,7,14,2,11,3,8,1,3,61.0,0,0,1,695,610,88.0
976642,2022,2022-12-03T19:00:00+00:00,Round of 16,20,Australia,False,26,Argentina,1,2,1,2,5,2,3,2,15,3,0,39.0,2,0,3,435,359,83.0
976643,2022,2022-12-04T15:00:00+00:00,Round of 16,2,France,True,24,Poland,3,1,8,5,16,3,10,6,10,7,3,55.0,1,0,1,551,476,86.0
976643,2022,2022-12-04T15:00:00+00:00,Round of 16,24,Poland,False,2,France,1,3,3,4,12,5,9,3,8,1,1,45.0,2,0,5,456,377,83.0
977344,2022,2022-12-05T15:00:00+00:00,Round of 16,12,Japan,True,3,Croatia,1,1,4,5,13,4,5,8,13,8,3,42.0,0,0,3,524,394,75.0
977344,2022,2022-12-05T15:00:00+00:00,Round of 16,3,Croatia,False,12,Japan,1,1,4,6,17,7,9,8,16,5,0,58.0,2,0,3,725,608,84.0
977345,2022,2022-12-06T15:00:00+00:00,Round of 16,31,Morocco,True,9,Spain,0,0,2,4,6,0,3,3,15,0,5,23.0,1,0,1,305,216,71.0
977345,2022,2022-12-06T15:00:00+00:00,Round of 16,9,Spain,False,31,Morocco,0,0,1,7,13,5,9,4,14,8,4,77.0,1,0,2,1019,926,91.0
977705,2022,2022-12-05T19:00:00+00:00,Round of 16,6,Brazil,True,17,South Korea,4,1,9,7,18,2,14,4,8,5,0,53.0,0,0,5,609,544,89.0
977705,2022,2022-12-05T19:00:00+00:00,Round of 16,17,South Korea,False,6,Brazil,1,4,6,2,8,0,4,4,13,4,5,47.0,1,0,5,530,458,86.0
977706,2022,2022-12-06T19:00:00+00:00,Round of 16,27,Portugal,True,15,Switzerland,6,1,9,3,15,3,11,4,12,6,3,48.0,0,0,1,449,372,83.0
977706,2022,2022-12-06T19:00:00+00:00,Round of 16,15,Switzerland,False,27,Portugal,1,6,3,3,10,4,5,5,10,6,3,52.0,2,0,3,488,412,84.0
977794,2022,2022-12-09T19:00:00+00:00,Quarter-finals,1118,Netherlands,True,26,Argentina,2,2,2,1,6,3,4,2,30,2,1,52.0,8,1,3,634,529,83.0
977794,2022,2022-12-09T19:00:00+00:00,Quarter-finals,26,Argentina,False,1118,Netherlands,2,2,5,5,14,4,5,9,18,8,2,48.0,8,0,0,602,499,83.0
978036,2022,2022-12-10T19:00:00+00:00,Quarter-finals,10,England,True,2,France,1,2,8,4,16,4,8,8,10,5,1,57.0,1,0,3,503,441,88.0
978036,2022,2022-12-10T19:00:00+00:00,Quarter-finals,2,France,False,10,England,2,1,5,2,8,1,5,3,14,2,2,43.0,3,0,6,377,306,81.0
978072,2022,2022-12-09T15:00:00+00:00,Quarter-finals,3,Croatia,True,6,Brazil,1,1,1,5,9,3,5,4,22,3,3,51.0,2,0,11,694,613,88.0
978072,2022,2022-12-09T15:00:00+00:00,Quarter-finals,6,Brazil,False,3,Croatia,1,1,11,3,21,7,15,6,24,7,3,49.0,3,0,0,684,609,89.0
978088,2022,2022-12-10T15:00:00+00:00,Quarter-finals,31,Morocco,True,27,Portugal,1,0,3,6,9,0,5,4,15,3,2,27.0,3,1,3,247,176,71.0
978088,2022,2022-12-10T15:00:00+00:00,Quarter-finals,27,Portugal,False,31,Morocco,0,1,3,6,12,3,8,4,9,9,2,73.0,1,0,2,663,567,86.0
978279,2022,2022-12-13T19:00:00+00:00,Semi-finals,26,Argentina,True,3,Croatia,3,0,7,1,9,1,6,3,15,2,1,39.0,2,0,3,399,333,83.0
978279,2022,2022-12-13T19:00:00+00:00,Semi-finals,3,Croatia,False,26,Argentina,0,3,2,7,12,3,6,6,8,4,0,61.0,2,0,4,608,532,88.0
978488,2022,2022-12-14T19:00:00+00:00,Semi-finals,2,France,True,31,Morocco,2,0,3,6,14,5,12,2,10,2,4,39.0,0,0,2,363,293,81.0
978488,2022,2022-12-14T19:00:00+00:00,Semi-finals,31,Morocco,False,2,France,0,2,3,5,13,5,8,5,11,3,3,61.0,1,0,0,575,499,87.0
979138,2022,2022-12-17T15:00:00+00:00,3rd Place Final,3,Croatia,True,31,Morocco,2,1,4,5,12,3,5,7,13,6,2,51.0,0,0,1,487,411,84.0
979138,2022,2022-12-17T15:00:00+00:00,3rd Place Final,31,Morocco,False,3,Croatia,1,2,2,5,9,2,7,2,11,3,2,49.0,2,0,2,472,403,85.0
979139,2022,2022-12-18T15:00:00+00:00,Final,26,Argentina,True,2,France,3,3,10,7,20,3,12,8,26,6,4,54.0,5,0,2,635,525,83.0
979139,2022,2022-12-18T15:00:00+00:00,Final,2,France,False,26,Argentina,3,3,5,2,10,3,7,3,19,5,4,46.0,3,0,7,532,409,77.0
