statsbomb_match_id,world_cup_year,date,kick_off,competition_stage,stadium,referee,team_name,opponent_name,is_home,goals_scored,goals_conceded,total_shots,shots_on_target,shots_off_target,shots_blocked,shots_open_play,shots_free_kick,shots_penalty,shots_right_foot,shots_left_foot,shots_header,xg,xg_conceded,total_passes,passes_completed,passes_incomplete,avg_pass_length,long_passes,long_passes_completed,short_passes,ground_passes,low_passes,high_passes,through_balls,crosses,corners,free_kicks,goal_kicks,throw_ins,kick_offs,fouls_committed,fouls_won,handballs,yellow_cards,red_cards,second_yellows,offsides,clearances,interceptions,blocks,ball_recoveries,tackles,tackles_won,aerial_duels,aerial_duels_won,aerial_duels_lost,aerial_duels_total,pressures,dribbles_attempted,dribbles_completed,dispossessed,miscontrols,gk_saves,gk_punches,gk_claims,gk_sweeper,ball_possession_pct,possession_sequences,substitutions,fifty_fiftys,shot_accuracy,shot_conversion_rate,xg_per_shot,xg_overperformance,xg_differential,pass_completion_pct,long_pass_completion_pct,long_pass_ratio,cross_ratio,tackle_success_rate,aerial_win_pct,defensive_actions,pressure_intensity,recoveries_per_possession_lost,dribble_success_rate,discipline_index,goal_difference,match_result,is_clean_sheet,possession_differential,set_piece_passes,set_piece_ratio,gk_total_actions
7525,2018,2018-06-14,17:00:00.000,Group Stage,Stadion Luzhniki,Néstor Fabián Pitana,Russia,Saudi Arabia,1,5,0,14,7,3,4,13,1,0,6,4,4,1.2816,0.2488,388,272,116,23.56,96,53,268,198,45,145,0,8,6,8,4,23,1,23,12,0,1,0,0,3,9,4,16,52,20,13,6,22,6,28,147,12,0,19,11,0,0,0,0,39.8,90,3,3,50.0,35.7,0.0915,3.7184,1.0328,70.1,55.2,24.7,2.1,65.0,78.6,49,147,1.73,0.0,3.3,5,W,1,-10.2,41,10.6,0
7525,2018,2018-06-14,17:00:00.000,Group Stage,Stadion Luzhniki,Néstor Fabián Pitana,Saudi Arabia,Russia,0,0,5,6,0,3,3,6,0,0,3,2,1,0.2488,1.2816,572,458,114,21.33,118,68,419,409,20,143,0,6,2,16,5,23,4,12,23,0,1,0,0,1,16,7,22,49,21,13,22,6,22,28,121,11,0,13,15,2,0,0,2,60.2,104,3,3,0.0,0.0,0.0415,-0.2488,-1.0328,80.1,57.6,20.6,1.0,61.9,21.4,66,121,1.75,0.0,2.2,-5,L,0,10.2,46,8.0,4
7576,2018,2018-06-15,20:00:00.000,Group Stage,	Olimpiyskiy Stadion Fisht ,Gianluca Rocchi,Portugal,Spain,1,3,3,10,3,4,3,7,2,1,7,1,2,1.4346,1.6609,388,318,70,22.04,76,50,289,236,29,123,0,8,3,7,5,14,1,13,11,1,1,0,0,1,8,6,8,32,10,4,5,8,5,13,267,13,0,8,11,2,0,2,0,34.8,78,3,0,30.0,30.0,0.1435,1.5654,-0.2263,82.0,65.8,19.6,2.1,40.0,61.5,32,267,1.68,0.0,2.3,0,D,0,-15.2,29,7.5,4
7576,2018,2018-06-15,20:00:00.000,Group Stage,	Olimpiyskiy Stadion Fisht ,Gianluca Rocchi,Spain,Portugal,0,3,3,12,5,5,2,11,1,0,5,6,1,1.6609,1.4346,780,714,66,17.56,81,58,673,671,41,68,1,11,5,5,1,17,4,11,12,0,1,0,0,2,8,12,12,23,13,7,8,5,8,13,215,23,0,5,11,0,0,0,0,65.2,72,3,0,41.7,25.0,0.1384,1.3391,0.2263,91.5,71.6,10.4,1.4,53.8,38.5,45,215,1.44,0.0,2.1,0,D,0,15.2,28,3.6,0
7577,2018,2018-06-15,17:00:00.000,Group Stage,Saint-Petersburg Stadium,Cüneyt Çakιr,Morocco,Iran,1,0,1,14,3,6,5,14,0,0,6,6,2,1.0592,0.6976,492,397,95,21.62,98,57,369,338,38,116,1,13,5,7,5,17,2,22,16,1,1,0,0,0,14,9,18,37,9,5,9,12,9,21,149,29,0,8,12,2,0,1,0,65.4,88,3,0,21.4,0.0,0.0757,-1.0592,0.3616,80.7,58.2,19.9,2.6,55.6,57.1,50,149,1.85,0.0,3.2,-1,L,0,15.4,34,6.9,3
7577,2018,2018-06-15,17:00:00.000,Group Stage,Saint-Petersburg Stadium,Cüneyt Çakιr,Iran,Morocco,0,1,0,8,2,4,2,6,2,0,7,1,0,0.6976,1.0592,267,144,123,26.52,80,26,156,115,36,116,1,6,2,17,9,28,1,16,21,0,3,0,0,0,12,9,9,50,19,11,12,9,12,21,208,10,0,6,7,3,2,1,0,34.6,86,3,0,25.0,12.5,0.0872,0.3024,-0.3616,53.9,32.5,30.0,2.2,57.9,42.9,49,208,3.85,0.0,4.6,1,W,1,-15.4,56,21.0,6
7578,2018,2018-06-15,14:00:00.000,Group Stage,	Ekaterinburg Arena,Björn Kuipers,Egypt,Uruguay,1,0,1,8,3,2,3,8,0,0,8,0,0,0.3645,1.9408,469,344,125,21.1,77,35,365,312,47,110,0,10,0,6,6,22,2,16,6,0,1,0,0,1,13,16,17,41,27,20,20,9,20,29,166,9,0,10,8,3,1,5,0,42.8,85,3,3,37.5,0.0,0.0456,-0.3645,-1.5763,73.3,45.5,16.4,2.1,74.1,31.0,73,166,2.28,0.0,2.6,-1,L,0,-7.2,34,7.2,9
7578,2018,2018-06-15,14:00:00.000,Group Stage,	Ekaterinburg Arena,Björn Kuipers,Uruguay,Egypt,0,1,0,16,4,6,6,14,2,0,10,2,4,1.9408,0.3645,623,513,110,20.13,83,57,529,438,60,125,0,13,5,5,1,12,1,7,16,1,0,0,0,1,9,21,20,61,14,10,9,20,9,29,119,15,0,18,12,3,0,2,0,57.2,97,3,3,25.0,6.2,0.1213,-0.9408,1.5763,82.3,68.7,13.3,2.1,71.4,69.0,64,119,2.03,0.0,0.7,1,W,1,7.2,23,3.7,5
7529,2018,2018-06-16,21:00:00.000,Group Stage,Stadion Kaliningrad,Sandro Ricci,Croatia,Nigeria,1,2,0,11,2,6,3,10,0,1,7,0,4,1.6945,0.7623,503,389,114,22.15,91,51,393,325,45,133,1,16,6,12,4,8,1,21,12,1,2,0,0,2,22,14,14,34,14,8,10,14,10,24,160,10,0,6,11,2,0,2,0,50.9,88,3,0,18.2,18.2,0.154,0.3055,0.9322,77.3,56.0,18.1,3.2,57.1,58.3,64,160,2.0,0.0,4.1,2,W,1,0.9,30,6.0,4
7529,2018,2018-06-16,21:00:00.000,Group Stage,Stadion Kaliningrad,Sandro Ricci,Nigeria,Croatia,0,0,2,13,2,5,6,13,0,0,8,3,2,0.7623,1.6945,425,319,106,22.68,88,39,318,290,21,114,0,10,4,17,5,14,1,15,20,3,1,0,0,1,16,6,15,47,9,4,14,10,14,24,152,16,0,10,11,1,1,2,0,49.1,88,3,0,15.4,0.0,0.0586,-0.7623,-0.9322,75.1,44.3,20.7,2.4,44.4,41.7,46,152,2.24,0.0,2.5,-2,L,0,-0.9,40,9.4,4
7530,2018,2018-06-16,12:00:00.000,Group Stage,Ak Bars Arena,Andrés Cunha,France,Australia,1,2,1,12,4,3,5,9,2,1,5,6,1,1.5616,0.98,549,445,104,21.27,102,74,416,402,36,111,1,10,5,11,1,21,2,17,20,2,1,0,0,0,9,7,13,50,15,10,7,9,7,16,136,25,0,20,4,1,0,1,0,57.2,96,3,1,33.3,16.7,0.1301,0.4384,0.5816,81.1,72.5,18.6,1.8,66.7,56.2,44,136,2.08,0.0,2.7,1,W,0,7.2,38,6.9,2
7530,2018,2018-06-16,12:00:00.000,Group Stage,Ak Bars Arena,Andrés Cunha,Australia,France,0,1,2,5,2,2,1,4,0,1,2,1,2,0.98,1.5616,444,342,102,22.88,95,51,329,306,32,106,0,8,1,12,6,14,2,20,15,0,3,0,0,0,19,15,16,48,30,16,9,7,9,16,113,5,0,13,9,3,1,2,0,42.8,80,3,1,40.0,20.0,0.196,0.02,-0.5816,77.0,53.7,21.4,1.8,53.3,43.8,80,113,2.18,0.0,5.0,-1,L,0,-7.2,33,7.4,6
7531,2018,2018-06-16,15:00:00.000,Group Stage,Otkritie Bank Arena,Szymon Marciniak,Argentina,Iceland,1,1,1,28,7,9,12,24,3,1,8,15,5,2.0805,1.0321,796,694,102,18.33,76,58,697,670,22,104,0,17,10,8,2,13,1,11,17,2,0,0,0,0,10,3,13,54,9,7,10,15,10,25,84,15,0,18,9,1,2,0,0,77.1,77,3,3,25.0,3.6,0.0743,-1.0805,1.0484,87.2,76.3,9.5,2.1,77.8,60.0,35,84,2.0,0.0,1.1,0,D,0,27.1,33,4.1,3
7531,2018,2018-06-16,15:00:00.000,Group Stage,Otkritie Bank Arena,Szymon Marciniak,Iceland,Argentina,0,1,1,9,2,5,2,9,0,0,6,2,0,1.0321,2.0805,224,137,87,27.29,77,30,140,94,36,94,1,6,2,10,6,12,1,17,9,0,0,0,0,0,20,28,26,33,24,17,15,10,15,25,176,7,0,8,10,5,2,1,0,22.9,60,3,3,22.2,11.1,0.1147,-0.0321,-1.0484,61.2,39.0,34.4,2.7,70.8,40.0,98,176,1.83,0.0,1.7,0,D,0,-27.1,30,13.4,8
7532,2018,2018-06-16,18:00:00.000,Group Stage,Mordovia Arena,Bakary Papa Gassama,Peru,Denmark,1,0,1,17,6,8,3,16,0,1,7,6,4,1.9264,1.1216,435,347,88,21.33,79,47,333,292,32,111,0,15,3,14,4,18,1,12,19,1,1,0,0,3,20,8,19,44,12,4,16,15,16,31,121,17,0,10,14,2,1,0,0,53.8,85,3,2,35.3,0.0,0.1133,-1.9264,0.8048,79.8,59.5,18.2,3.4,33.3,48.4,59,121,1.83,0.0,2.2,-1,L,0,3.8,39,9.0,3
7532,2018,2018-06-16,18:00:00.000,Group Stage,Mordovia Arena,Bakary Papa Gassama,Denmark,Peru,0,1,0,11,3,5,3,10,1,0,3,7,1,1.1216,1.9264,402,302,100,22.12,68,31,311,251,45,106,0,9,7,9,9,16,1,21,11,2,2,0,0,3,16,11,19,34,13,9,15,16,15,31,170,11,0,9,10,6,1,1,0,46.2,84,3,2,27.3,9.1,0.102,-0.1216,-0.8048,75.1,45.6,16.9,2.2,69.2,51.6,59,170,1.79,0.0,4.1,1,W,1,-3.8,41,10.2,8
7533,2018,2018-06-17,20:00:00.000,Group Stage,	Rostov Arena,César Arturo Ramos Palazuelos,Brazil,Switzerland,1,1,1,21,4,10,7,20,1,0,13,3,5,1.8829,0.4721,555,473,82,18.68,65,39,473,445,56,54,1,11,7,9,3,8,1,12,21,1,1,0,0,0,11,22,17,54,11,8,5,6,5,11,234,31,0,13,15,1,0,1,0,58.7,97,3,0,19.0,4.8,0.0897,-0.8829,1.4108,85.2,60.0,11.7,2.0,72.7,54.5,61,234,1.93,0.0,2.2,0,D,0,8.7,27,4.9,2
7533,2018,2018-06-17,20:00:00.000,Group Stage,	Rostov Arena,César Arturo Ramos Palazuelos,Switzerland,Brazil,0,1,1,7,2,4,1,7,0,0,3,2,2,0.4721,1.8829,458,363,95,21.25,74,37,365,343,31,84,0,8,2,7,7,16,1,21,11,0,2,0,0,0,21,15,22,38,18,12,6,5,6,11,266,20,0,2,7,3,0,0,0,41.3,85,3,0,28.6,14.3,0.0674,0.5279,-1.4108,79.3,50.0,16.2,1.7,66.7,45.5,76,266,4.22,0.0,4.1,0,D,0,-8.7,32,7.0,3
7534,2018,2018-06-17,17:00:00.000,Group Stage,Stadion Luzhniki,Alireza Faghani,Germany,Mexico,1,0,1,26,9,9,8,25,1,0,15,9,2,2.2993,0.9933,619,521,98,19.8,91,63,503,467,49,103,0,27,6,8,1,14,2,13,13,1,2,0,0,1,4,6,16,50,14,10,8,10,8,18,165,15,0,12,5,3,0,0,1,65.6,99,3,1,34.6,0.0,0.0884,-2.2993,1.306,84.2,69.2,14.7,4.4,71.4,55.6,40,165,2.94,0.0,3.3,-1,L,0,15.6,29,4.7,4
7534,2018,2018-06-17,17:00:00.000,Group Stage,Stadion Luzhniki,Alireza Faghani,Mexico,Germany,0,1,0,12,4,6,2,11,1,0,8,3,1,0.9933,2.2993,324,247,77,23.85,73,40,232,215,38,71,3,4,1,7,10,16,1,15,11,2,2,0,0,2,23,17,32,36,16,10,10,8,10,18,324,27,0,4,8,9,0,1,0,34.4,84,3,1,33.3,8.3,0.0828,0.0067,-1.306,76.2,54.8,22.5,1.2,62.5,44.4,88,324,3.0,0.0,3.5,1,W,1,-15.6,34,10.5,10
7535,2018,2018-06-17,14:00:00.000,Group Stage,	Solidarnost Arena,Malang Diedhiou,Costa Rica,Serbia,1,0,1,10,3,3,4,10,0,0,4,3,3,0.596,1.9926,481,376,105,21.77,97,55,360,291,45,145,0,11,5,11,2,16,2,18,13,0,2,0,0,0,12,9,17,49,16,5,11,14,11,25,97,16,0,15,12,1,2,0,0,50.7,88,3,1,30.0,0.0,0.0596,-0.596,-1.3966,78.2,56.7,20.2,2.3,31.2,56.0,54,97,1.81,0.0,3.8,-1,L,0,0.7,34,7.1,3
7535,2018,2018-06-17,14:00:00.000,Group Stage,	Solidarnost Arena,Malang Diedhiou,Serbia,Costa Rica,0,1,0,12,2,7,3,11,1,0,4,4,4,1.9926,0.596,439,335,104,22.64,82,42,333,281,46,112,0,14,4,10,5,18,1,13,18,0,2,0,0,3,23,6,19,41,20,13,14,11,14,25,126,15,0,11,16,3,0,2,0,49.3,95,3,1,16.7,8.3,0.166,-0.9926,1.3966,76.3,51.2,18.7,3.2,65.0,44.0,68,126,1.52,0.0,3.3,1,W,1,-0.7,37,8.4,5
7536,2018,2018-06-18,17:00:00.000,Group Stage,	Olimpiyskiy Stadion Fisht ,Janny Sikazwe,Belgium,Panama,1,3,0,15,6,7,2,12,3,0,11,3,1,1.2121,0.6254,610,513,97,20.17,75,39,495,475,59,76,6,16,9,10,4,23,1,17,20,1,3,0,0,1,7,12,10,38,15,13,8,12,8,20,192,17,0,8,9,2,0,0,0,62.9,94,3,0,40.0,20.0,0.0808,1.7879,0.5867,84.1,52.0,12.3,2.6,86.7,60.0,44,192,2.24,0.0,4.7,3,W,1,12.9,46,7.5,2
7536,2018,2018-06-18,17:00:00.000,Group Stage,	Olimpiyskiy Stadion Fisht ,Janny Sikazwe,Panama,Belgium,0,0,3,7,2,5,0,6,1,0,5,1,1,0.6254,1.2121,364,284,80,22.22,79,44,270,237,29,98,1,9,3,14,10,7,1,20,16,0,5,0,0,1,19,15,13,41,17,9,12,8,12,20,237,18,0,5,13,3,1,0,0,37.1,69,3,0,28.6,0.0,0.0893,-0.6254,-0.5867,78.0,55.7,21.7,2.5,52.9,40.0,64,237,2.28,0.0,7.0,-3,L,0,-12.9,34,9.3,4
7537,2018,2018-06-18,20:00:00.000,Group Stage,Volgograd Arena,Wilmar Alexander Roldán Pérez,Tunisia,England,1,1,2,6,1,3,2,5,0,1,4,1,1,0.9457,2.6264,368,285,83,21.58,68,31,284,267,38,63,1,3,2,7,12,11,2,15,9,1,0,0,0,2,12,13,24,34,20,17,16,4,16,20,265,14,0,5,12,5,1,1,0,38.9,76,3,0,16.7,16.7,0.1576,0.0543,-1.6807,77.4,45.6,18.5,0.8,85.0,20.0,69,265,2.0,0.0,1.5,-1,L,0,-11.1,32,8.7,7
7537,2018,2018-06-18,20:00:00.000,Group Stage,Volgograd Arena,Wilmar Alexander Roldán Pérez,England,Tunisia,0,2,1,18,7,8,3,16,2,0,9,2,7,2.6264,0.9457,570,484,86,21.25,106,80,435,410,45,115,0,14,7,14,5,23,1,9,14,0,1,0,0,1,4,6,11,44,10,7,4,16,4,20,188,29,0,9,11,0,0,0,0,61.1,93,3,0,38.9,11.1,0.1459,-0.6264,1.6807,84.9,75.5,18.6,2.5,70.0,80.0,31,188,2.2,0.0,1.9,1,W,0,11.1,49,8.6,0
7538,2018,2018-06-18,14:00:00.000,Group Stage,Stadion Nizhny Novgorod (Nizhniy Novgorod),Joel Antonio Aguilar Chicas,Sweden,South Korea,1,1,0,16,4,4,8,15,0,1,10,2,4,2.0151,0.4144,477,371,106,21.23,85,47,368,317,47,113,0,13,6,12,1,21,1,19,22,0,1,0,0,2,17,7,14,41,15,7,13,14,13,27,115,10,0,9,12,0,1,0,0,55.2,88,3,0,25.0,6.2,0.1259,-1.0151,1.6007,77.8,55.3,17.8,2.7,46.7,51.9,53,115,1.95,0.0,2.9,1,W,1,5.2,40,8.4,1
7538,2018,2018-06-18,14:00:00.000,Group Stage,Stadion Nizhny Novgorod (Nizhniy Novgorod),Joel Antonio Aguilar Chicas,South Korea,Sweden,0,0,1,5,0,2,3,5,0,0,1,2,2,0.4144,2.0151,382,289,93,22.82,85,47,274,250,60,72,0,13,5,12,3,15,1,22,19,0,2,0,0,1,23,8,17,40,12,4,14,13,14,27,148,17,0,8,11,3,2,4,0,44.8,87,3,0,0.0,0.0,0.0829,-0.4144,-1.6007,75.7,55.3,22.3,3.4,33.3,48.1,60,148,2.11,0.0,4.2,-1,L,0,-5.2,35,9.2,9
7539,2018,2018-06-19,17:00:00.000,Group Stage,Otkritie Bank Arena,Nawaf Abdulla Ghayyath Shukralla,Poland,Senegal,1,1,2,10,3,6,1,9,1,0,3,4,3,1.0423,1.4284,585,482,103,21.27,104,69,458,432,68,85,5,8,3,8,3,15,3,7,16,0,1,0,0,3,12,11,8,34,10,6,7,11,7,18,148,11,0,6,17,0,0,1,1,62.0,96,3,0,30.0,10.0,0.1042,-0.0423,-0.3861,82.4,66.3,17.8,1.4,60.0,61.1,41,148,1.48,0.0,1.7,-1,L,0,12.0,29,5.0,2
7539,2018,2018-06-19,17:00:00.000,Group Stage,Otkritie Bank Arena,Nawaf Abdulla Ghayyath Shukralla,Senegal,Poland,0,2,1,7,1,3,3,6,1,0,5,1,1,1.4284,1.0423,382,286,96,23.8,98,52,269,244,29,109,0,12,3,9,9,12,2,17,7,1,1,0,0,2,16,18,16,45,10,5,11,7,11,18,221,18,0,4,12,2,1,1,0,38.0,73,3,0,14.3,28.6,0.2041,0.5716,0.3861,74.9,53.1,25.7,3.1,50.0,38.9,60,221,2.81,0.0,2.7,1,W,0,-12.0,33,8.6,4
7540,2018,2018-06-19,20:00:00.000,Group Stage,Saint-Petersburg Stadium,Enrique Cáceres,Russia,Egypt,1,3,1,12,4,5,3,12,0,0,5,4,3,0.9812,1.6975,467,321,146,20.81,73,26,370,263,32,172,0,26,7,8,6,21,1,10,11,1,2,0,0,0,26,8,19,50,11,7,15,21,15,36,184,10,0,10,12,1,0,1,0,47.9,105,3,0,33.3,25.0,0.0818,2.0188,-0.7163,68.7,35.6,15.6,5.6,63.6,58.3,64,184,2.27,0.0,3.0,2,W,0,-2.1,42,9.0,2
7540,2018,2018-06-19,20:00:00.000,Group Stage,Saint-Petersburg Stadium,Enrique Cáceres,Egypt,Russia,0,1,3,15,2,8,5,14,0,1,5,5,5,1.6975,0.9812,484,360,124,21.71,78,48,375,300,42,142,0,14,4,6,5,25,1,11,9,0,1,0,0,0,22,13,22,52,11,8,21,15,21,36,164,13,0,6,14,2,1,3,0,52.1,93,3,0,13.3,6.7,0.1132,-0.6975,0.7163,74.4,61.5,16.1,2.9,72.7,41.7,68,164,2.6,0.0,2.1,-2,L,0,2.1,40,8.3,6
7541,2018,2018-06-19,14:00:00.000,Group Stage,Mordovia Arena,Damir Skomina,Colombia,Japan,1,1,2,10,3,3,4,9,1,0,3,4,2,0.8063,2.3207,422,314,108,21.45,69,36,319,256,51,115,0,8,3,7,4,28,3,15,11,1,2,1,0,1,7,13,11,42,20,16,14,11,14,25,248,24,0,8,15,4,0,2,0,41.6,84,3,2,30.0,10.0,0.0806,0.1937,-1.5144,74.4,52.2,16.4,1.9,80.0,44.0,51,248,1.83,0.0,6.5,-1,L,0,-8.4,42,10.0,6
7541,2018,2018-06-19,14:00:00.000,Group Stage,Mordovia Arena,Damir Skomina,Japan,Colombia,0,2,1,14,6,5,3,13,0,1,7,4,3,2.3207,0.8063,630,530,100,18.27,68,38,538,514,34,82,0,12,6,13,1,12,2,11,14,0,0,0,0,1,16,19,15,30,20,10,11,14,11,25,172,13,0,16,5,2,0,0,0,58.4,84,3,2,42.9,14.3,0.1658,-0.3207,1.5144,84.1,55.9,10.8,1.9,50.0,56.0,70,172,1.43,0.0,1.1,1,W,0,8.4,32,5.1,2
7542,2018,2018-06-20,14:00:00.000,Group Stage,Stadion Luzhniki,Mark Geiger,Portugal,Morocco,1,1,0,12,2,6,4,10,2,0,9,1,2,0.885,1.4551,397,281,116,22.1,81,43,295,211,50,136,0,6,5,16,4,12,1,18,21,1,1,0,0,1,27,6,34,50,24,12,13,9,13,22,122,7,0,19,9,4,0,1,0,43.0,91,3,1,16.7,8.3,0.0738,0.115,-0.5701,70.8,53.1,20.4,1.5,50.0,40.9,91,122,1.79,0.0,2.8,1,W,1,-7.0,37,9.3,5
7542,2018,2018-06-20,14:00:00.000,Group Stage,Stadion Luzhniki,Mark Geiger,Morocco,Portugal,0,0,1,17,4,11,2,16,1,0,4,5,7,1.4551,0.885,519,382,137,19.83,82,39,400,316,68,135,0,24,7,13,1,30,2,23,17,2,1,0,0,1,13,14,17,61,20,14,9,13,9,22,120,26,0,14,8,1,0,0,0,57.0,94,3,1,23.5,0.0,0.0856,-1.4551,0.5701,73.6,47.6,15.8,4.6,70.0,59.1,64,120,2.77,0.0,3.3,-1,L,0,7.0,51,9.8,1
7543,2018,2018-06-20,20:00:00.000,Group Stage,Ak Bars Arena,Andrés Cunha,Iran,Spain,1,0,1,6,0,6,0,6,0,0,1,2,3,0.4265,2.197,262,158,104,26.7,78,29,166,127,21,114,0,10,2,9,9,16,2,14,15,0,2,0,0,2,20,12,27,49,14,9,5,7,5,12,255,13,0,2,9,2,1,0,0,24.5,69,3,1,0.0,0.0,0.0711,-0.4265,-1.7705,60.3,37.2,29.8,3.8,64.3,58.3,73,255,4.45,0.0,3.4,-1,L,0,-25.5,36,13.7,3
7543,2018,2018-06-20,20:00:00.000,Group Stage,Ak Bars Arena,Andrés Cunha,Spain,Iran,0,1,0,18,3,6,9,15,3,0,10,7,1,2.197,0.4265,816,719,97,17.45,82,57,704,673,70,73,3,21,6,8,3,18,1,15,14,0,0,0,0,1,10,6,4,50,5,4,7,5,7,12,139,29,0,5,15,0,1,2,0,75.5,83,3,1,16.7,5.6,0.1221,-1.197,1.7705,88.1,69.5,10.0,2.6,80.0,41.7,25,139,2.5,0.0,1.5,1,W,1,25.5,35,4.3,3
7544,2018,2018-06-20,17:00:00.000,Group Stage,	Rostov Arena,Clément Turpin,Uruguay,Saudi Arabia,1,1,0,14,3,6,5,13,1,0,6,4,3,1.8068,0.2735,511,429,82,19.09,51,35,436,392,32,87,0,12,3,5,3,16,1,13,12,1,0,0,0,0,13,10,16,44,16,10,1,4,1,5,240,13,0,11,14,2,0,3,0,44.8,87,3,0,21.4,7.1,0.1291,-0.8068,1.5333,84.0,68.6,10.0,2.3,62.5,80.0,55,240,1.76,0.0,1.3,1,W,1,-5.2,27,5.3,5
7544,2018,2018-06-20,17:00:00.000,Group Stage,	Rostov Arena,Clément Turpin,Saudi Arabia,Uruguay,0,0,1,8,2,3,3,7,1,0,5,2,1,0.2735,1.8068,584,499,85,19.76,93,54,467,444,57,83,2,13,2,8,6,17,1,12,11,0,0,0,0,2,8,18,16,45,15,11,4,1,4,5,173,27,0,8,16,2,1,1,0,55.2,88,3,0,25.0,0.0,0.0342,-0.2735,-1.5333,85.4,58.1,15.9,2.2,73.3,20.0,57,173,1.88,0.0,1.2,-1,L,0,5.2,33,5.7,4
7545,2018,2018-06-21,20:00:00.000,Group Stage,Stadion Nizhny Novgorod (Nizhniy Novgorod),Ravshan Irmatov,Argentina,Croatia,1,0,3,10,3,3,4,10,0,0,2,7,1,1.2181,1.8317,535,413,122,21.54,100,58,400,368,57,110,5,15,5,13,1,22,3,20,22,1,4,0,0,3,7,11,19,48,17,9,13,7,13,20,236,18,0,7,9,2,1,0,0,58.2,101,3,2,30.0,0.0,0.1218,-1.2181,-0.6136,77.2,58.0,18.7,2.8,52.9,35.0,54,236,3.0,0.0,6.0,-3,L,0,8.2,41,7.7,3
7545,2018,2018-06-21,20:00:00.000,Group Stage,Stadion Nizhny Novgorod (Nizhniy Novgorod),Ravshan Irmatov,Croatia,Argentina,0,3,0,14,5,6,3,13,1,0,10,2,2,1.8317,1.2181,382,274,108,21.36,70,39,283,237,35,110,0,9,2,11,4,20,1,23,19,1,4,0,0,3,15,12,16,41,11,6,7,13,7,20,194,20,0,13,6,3,0,3,0,41.8,94,3,2,35.7,21.4,0.1308,1.1683,0.6136,71.7,55.7,18.3,2.4,54.5,65.0,54,194,2.16,0.0,6.3,3,W,1,-8.2,37,9.7,6
7546,2018,2018-06-21,17:00:00.000,Group Stage,	Ekaterinburg Arena,Mohamed Abdulla Hassan Mohd,France,Peru,1,1,0,12,4,6,2,12,0,0,5,6,1,1.8634,0.6252,435,332,103,21.2,77,44,322,274,70,91,2,6,5,12,9,23,1,11,14,1,2,0,0,0,12,24,16,50,21,15,9,9,9,18,329,25,0,11,10,2,0,0,0,43.0,92,3,0,33.3,8.3,0.1553,-0.8634,1.2382,76.3,57.1,17.7,1.4,71.4,50.0,73,329,2.38,0.0,3.1,1,W,1,-7.0,49,11.3,2
7546,2018,2018-06-21,17:00:00.000,Group Stage,	Ekaterinburg Arena,Mohamed Abdulla Hassan Mohd,Peru,France,0,0,1,12,2,8,2,11,1,0,4,6,2,0.6252,1.8634,548,436,112,20.04,79,43,442,383,38,127,0,10,2,8,7,25,1,14,9,0,2,0,0,1,12,11,10,57,20,11,9,9,9,18,161,22,0,15,11,3,1,1,1,57.0,95,3,0,16.7,0.0,0.0521,-0.6252,-1.2382,79.6,54.4,14.4,1.8,55.0,50.0,53,161,2.19,0.0,3.4,-1,L,0,7.0,42,7.7,6
7547,2018,2018-06-21,14:00:00.000,Group Stage,	Solidarnost Arena,Antonio Miguel Mateu Lahoz,Denmark,Australia,1,1,1,10,5,4,1,10,0,0,3,3,3,1.0144,1.4122,478,396,82,22.37,85,54,373,360,27,91,0,8,3,5,5,18,2,7,6,1,2,0,0,1,18,10,20,37,20,13,8,10,8,18,152,17,0,8,16,4,1,0,0,47.2,77,2,0,50.0,10.0,0.1014,-0.0144,-0.3978,82.8,63.5,17.8,1.7,65.0,55.6,68,152,1.54,0.0,2.7,0,D,0,-2.8,31,6.5,5
7547,2018,2018-06-21,14:00:00.000,Group Stage,	Solidarnost Arena,Antonio Miguel Mateu Lahoz,Australia,Denmark,0,1,1,13,5,4,4,12,0,1,4,6,2,1.4122,1.0144,533,442,91,21.53,84,44,429,391,19,123,0,18,5,4,6,14,1,6,6,0,0,0,0,0,15,4,16,38,11,7,10,8,10,18,168,17,0,15,11,4,0,0,0,52.8,82,3,0,38.5,7.7,0.1086,-0.4122,0.3978,82.9,52.4,15.8,3.4,63.6,44.4,46,168,1.46,0.0,0.6,0,D,0,2.8,29,5.4,4
7548,2018,2018-06-22,14:00:00.000,Group Stage,Saint-Petersburg Stadium,Björn Kuipers,Brazil,Costa Rica,1,2,0,23,9,9,5,23,0,0,14,5,4,3.0964,0.1587,750,661,89,19.75,95,70,628,623,38,89,0,24,10,9,1,16,1,11,16,0,2,0,0,1,9,4,19,62,18,10,9,8,9,17,105,19,0,17,14,0,0,0,1,74.5,93,3,1,39.1,8.7,0.1346,-1.0964,2.9377,88.1,73.7,12.7,3.2,55.6,47.1,50,105,2.0,0.0,3.1,2,W,1,24.5,36,4.8,1
7548,2018,2018-06-22,14:00:00.000,Group Stage,Saint-Petersburg Stadium,Björn Kuipers,Costa Rica,Brazil,0,0,2,4,0,3,1,4,0,0,3,1,0,0.1587,3.0964,294,205,89,24.93,79,39,199,159,28,107,0,5,1,13,4,12,3,17,11,1,1,0,0,1,28,8,23,50,19,11,8,9,8,17,148,9,0,16,12,7,1,1,0,25.5,78,3,1,0.0,0.0,0.0397,-0.1587,-2.9377,69.7,49.4,26.9,1.7,57.9,52.9,78,148,1.79,0.0,2.7,-2,L,0,-24.5,30,10.2,9
7549,2018,2018-06-22,17:00:00.000,Group Stage,Volgograd Arena,Matthew Conger,Nigeria,Iceland,1,2,0,17,4,7,6,17,0,0,9,5,3,1.3122,1.5522,529,413,116,21.84,90,45,418,366,5,158,0,13,6,7,4,18,1,10,12,0,1,0,0,1,22,8,9,55,16,13,9,16,9,25,132,15,0,10,14,3,2,2,0,61.2,89,3,1,23.5,11.8,0.0772,0.6878,-0.24,78.1,50.0,17.0,2.5,81.2,64.0,55,132,2.29,0.0,2.0,2,W,1,11.2,35,6.6,7
7549,2018,2018-06-22,17:00:00.000,Group Stage,Volgograd Arena,Matthew Conger,Iceland,Nigeria,0,0,2,10,3,6,1,8,1,1,5,2,2,1.5522,1.3122,339,224,115,23.6,87,40,239,163,41,135,0,19,5,5,8,17,1,12,10,0,0,0,0,0,20,7,13,46,13,6,16,9,16,25,285,15,0,13,11,2,0,0,1,38.8,85,3,1,30.0,0.0,0.1552,-1.5522,0.24,66.1,46.0,25.7,5.6,46.2,36.0,53,285,1.92,0.0,1.2,-2,L,0,-11.2,35,10.3,3
7550,2018,2018-06-22,20:00:00.000,Group Stage,Stadion Kaliningrad,Felix Brych,Serbia,Switzerland,1,1,2,12,3,8,1,12,0,0,4,2,5,1.1535,1.5573,347,263,84,25.46,93,59,230,197,57,93,0,15,3,14,11,22,1,20,13,0,4,0,0,0,12,13,10,39,21,10,11,12,11,23,296,16,0,9,18,3,0,2,0,37.9,91,2,0,25.0,8.3,0.0961,-0.1535,-0.4038,75.8,63.4,26.8,4.3,47.6,52.2,56,296,1.44,0.0,6.0,-1,L,0,-12.1,50,14.4,5
7550,2018,2018-06-22,20:00:00.000,Group Stage,Stadion Kaliningrad,Felix Brych,Switzerland,Serbia,0,2,1,19,5,8,6,18,1,0,5,12,2,1.5573,1.1535,554,467,87,22.31,110,66,418,394,57,103,0,13,7,7,7,16,1,13,20,0,1,0,0,3,9,8,10,53,16,12,12,11,12,23,147,25,0,9,15,2,1,0,1,62.1,97,3,0,26.3,10.5,0.082,0.4427,0.4038,84.3,60.0,19.9,2.3,75.0,47.8,43,147,2.21,0.0,2.3,1,W,0,12.1,37,6.7,4
7551,2018,2018-06-23,20:00:00.000,Group Stage,	Olimpiyskiy Stadion Fisht ,Szymon Marciniak,Germany,Sweden,1,2,1,18,5,5,8,18,0,0,9,7,2,1.3181,0.8152,718,619,99,21.11,119,94,576,542,76,100,0,40,5,9,0,14,2,12,16,2,2,1,1,3,11,3,15,44,14,10,12,9,12,21,169,9,0,5,9,5,1,0,0,74.7,99,3,3,27.8,11.1,0.0732,0.6819,0.5029,86.2,79.0,16.6,5.6,71.4,42.9,43,169,3.14,0.0,6.2,1,W,0,24.7,28,3.9,6
7551,2018,2018-06-23,20:00:00.000,Group Stage,	Olimpiyskiy Stadion Fisht ,Szymon Marciniak,Sweden,Germany,0,1,2,7,6,0,1,7,0,0,4,1,2,0.8152,1.3181,234,164,70,26.58,63,25,155,129,35,70,1,14,3,11,6,14,3,17,10,1,2,0,0,2,38,9,27,25,7,5,9,12,9,21,194,15,0,4,6,3,3,2,0,25.3,67,3,3,85.7,14.3,0.1165,0.1848,-0.5029,70.1,39.7,26.9,6.0,71.4,57.1,81,194,2.5,0.0,3.7,-1,L,0,-24.7,34,14.5,8
7552,2018,2018-06-23,14:00:00.000,Group Stage,Otkritie Bank Arena,Jair Marrufo,Belgium,Tunisia,1,5,2,23,11,8,4,22,0,1,13,10,0,5.3364,1.1882,475,392,83,20.75,72,41,371,351,46,78,9,10,3,12,8,15,3,13,15,1,0,0,0,3,10,16,8,50,10,7,5,1,5,6,160,8,0,11,10,3,0,2,0,54.1,104,3,0,47.8,21.7,0.232,-0.3364,4.1482,82.5,56.9,15.2,2.1,70.0,16.7,44,160,2.38,0.0,1.3,3,W,0,4.1,38,8.0,5
7552,2018,2018-06-23,14:00:00.000,Group Stage,Otkritie Bank Arena,Jair Marrufo,Tunisia,Belgium,0,2,5,17,5,9,3,17,0,0,10,5,2,1.1882,5.3364,467,374,93,21.23,75,44,356,343,25,99,0,16,2,9,6,21,5,15,12,0,1,0,0,2,9,9,17,37,13,9,1,5,1,6,272,5,0,8,12,6,0,1,3,45.9,106,3,0,29.4,11.8,0.0699,0.8118,-4.1482,80.1,58.7,16.1,3.4,69.2,83.3,48,272,1.85,0.0,2.5,-3,L,0,-4.1,38,8.1,10
7553,2018,2018-06-23,17:00:00.000,Group Stage,	Rostov Arena,Milorad Mažić,South Korea,Mexico,1,1,2,17,6,2,9,16,1,0,8,8,1,0.8164,1.8778,360,279,81,20.41,65,39,271,234,40,86,0,11,7,2,0,16,2,26,8,3,3,0,0,0,10,5,14,38,17,11,7,7,7,14,227,24,0,13,10,3,0,2,1,41.5,87,3,3,35.3,5.9,0.048,0.1836,-1.0614,77.5,60.0,18.1,3.1,64.7,50.0,46,227,1.65,0.0,5.6,-1,L,0,-8.5,25,6.9,6
7553,2018,2018-06-23,17:00:00.000,Group Stage,	Rostov Arena,Milorad Mažić,Mexico,South Korea,0,2,1,14,5,7,2,13,0,1,7,4,3,1.8778,0.8164,495,422,73,21.37,73,51,395,369,51,75,0,7,4,15,3,18,1,8,23,0,0,0,0,0,9,13,20,38,21,13,7,7,7,14,110,21,0,11,11,5,1,1,0,58.5,103,3,3,35.7,14.3,0.1341,0.1222,1.0614,85.3,69.9,14.7,1.4,61.9,50.0,63,110,1.73,0.0,0.8,1,W,0,8.5,40,8.1,7
7554,2018,2018-06-24,14:00:00.000,Group Stage,Stadion Nizhny Novgorod (Nizhniy Novgorod),Ghead Grisha,England,Panama,1,6,1,11,7,2,2,9,0,2,7,1,3,3.1683,1.08,607,552,55,18.69,77,54,510,506,43,58,7,4,3,10,6,9,1,14,12,0,1,0,0,3,12,5,12,30,10,6,6,13,6,19,172,9,0,7,12,1,0,0,0,58.7,68,3,0,63.6,54.5,0.288,2.8317,2.0883,90.9,70.1,12.7,0.7,60.0,68.4,39,172,1.58,0.0,2.4,5,W,0,8.7,28,4.6,1
7554,2018,2018-06-24,14:00:00.000,Group Stage,Stadion Nizhny Novgorod (Nizhniy Novgorod),Ghead Grisha,Panama,England,0,1,6,8,2,5,1,8,0,0,4,4,0,1.08,3.1683,406,349,57,21.21,80,55,307,308,24,74,0,11,2,18,2,10,4,13,14,0,3,0,0,0,8,7,6,30,10,6,13,6,13,19,169,8,0,6,12,1,0,0,1,41.3,62,3,0,25.0,12.5,0.135,-0.08,-2.0883,86.0,68.8,19.7,2.7,60.0,31.6,31,169,1.67,0.0,4.3,-5,L,0,-8.7,32,7.9,2
7555,2018,2018-06-24,20:00:00.000,Group Stage,Ak Bars Arena,César Arturo Ramos Palazuelos,Poland,Colombia,1,0,3,11,2,4,5,11,0,0,4,2,5,1.1142,1.3869,448,340,108,22.63,88,46,339,302,37,109,0,15,7,8,2,17,3,17,10,0,2,0,0,0,25,18,19,46,17,11,16,21,16,37,202,18,0,9,14,0,2,1,0,43.3,91,3,2,18.2,0.0,0.1013,-1.1142,-0.2727,75.9,52.3,19.6,3.3,64.7,56.8,79,202,2.0,0.0,3.7,-3,L,0,-6.7,34,7.6,3
7555,2018,2018-06-24,20:00:00.000,Group Stage,Ak Bars Arena,César Arturo Ramos Palazuelos,Colombia,Poland,0,3,0,13,3,5,5,12,1,0,6,6,1,1.3869,1.1142,548,427,121,20.25,85,46,442,353,64,131,0,21,5,11,3,14,1,11,17,1,0,0,0,1,22,9,17,80,17,10,21,16,21,37,220,26,0,11,14,2,1,0,0,56.7,86,3,2,23.1,23.1,0.1067,1.6131,0.2727,77.9,54.1,15.5,3.8,58.8,43.2,65,220,3.2,0.0,1.1,3,W,1,6.7,33,6.0,3
7556,2018,2018-06-24,17:00:00.000,Group Stage,	Ekaterinburg Arena,Gianluca Rocchi,Japan,Senegal,1,2,2,7,3,2,2,7,0,0,3,3,1,1.0125,1.8783,476,368,108,22.01,82,39,371,332,10,134,0,9,2,12,6,12,1,9,15,0,2,0,0,2,20,8,10,44,11,7,22,14,22,36,146,10,0,9,13,5,0,1,0,53.3,85,3,1,42.9,28.6,0.1446,0.9875,-0.8658,77.3,47.6,17.2,1.9,63.6,38.9,49,146,2.0,0.0,2.9,0,D,0,3.3,32,6.7,6
7556,2018,2018-06-24,17:00:00.000,Group Stage,	Ekaterinburg Arena,Gianluca Rocchi,Senegal,Japan,0,2,2,15,7,7,1,15,0,0,7,4,3,1.8783,1.0125,392,285,107,24.3,102,56,266,208,63,121,2,21,5,7,8,21,1,15,9,0,3,0,0,4,7,9,10,46,11,6,14,22,14,36,139,11,0,6,15,1,0,0,0,46.7,82,3,1,46.7,13.3,0.1252,0.1217,0.8658,72.7,54.9,26.0,5.4,54.5,61.1,37,139,2.19,0.0,4.5,0,D,0,-3.3,41,10.5,1
7557,2018,2018-06-25,20:00:00.000,Group Stage,Mordovia Arena,Enrique Cáceres,Iran,Portugal,1,1,1,9,2,5,2,7,1,1,4,2,3,1.577,1.5224,239,154,85,26.21,66,33,160,121,17,101,0,8,0,7,8,10,2,16,8,0,1,0,0,1,11,18,18,38,13,5,12,11,12,23,141,12,0,2,14,2,2,4,0,27.1,61,3,1,22.2,11.1,0.1752,-0.577,0.0546,64.4,50.0,27.6,3.3,38.5,47.8,60,141,2.38,0.0,2.6,0,D,0,-22.9,25,10.5,8
7557,2018,2018-06-25,20:00:00.000,Group Stage,Mordovia Arena,Enrique Cáceres,Portugal,Iran,0,1,1,15,4,8,3,13,1,1,11,1,3,1.5224,1.577,630,534,96,19.57,94,64,507,469,56,105,0,17,5,6,2,22,1,9,16,1,2,0,0,1,10,7,15,49,7,7,11,12,11,23,163,21,0,9,10,1,0,0,1,72.9,80,3,1,26.7,6.7,0.1015,-0.5224,-0.0546,84.8,68.1,14.9,2.7,100.0,52.2,39,163,2.58,0.0,2.9,0,D,0,22.9,35,5.6,2
7558,2018,2018-06-25,16:00:00.000,Group Stage,	Solidarnost Arena,Malang Diedhiou,Uruguay,Russia,1,3,0,16,6,5,5,14,2,0,7,7,2,2.4826,0.1802,526,436,90,22.6,104,73,396,379,52,95,0,9,4,11,10,21,1,19,18,0,1,0,0,0,9,6,12,37,13,8,14,9,14,23,146,8,0,4,18,1,0,2,1,58.8,87,3,1,37.5,18.8,0.1552,0.5174,2.3024,82.9,70.2,19.8,1.7,61.5,39.1,40,146,1.68,0.0,2.9,3,W,1,8.8,46,8.7,4
7558,2018,2018-06-25,16:00:00.000,Group Stage,	Solidarnost Arena,Malang Diedhiou,Russia,Uruguay,0,0,3,3,1,1,1,3,0,0,2,1,0,0.1802,2.4826,380,290,90,23.39,80,45,282,243,19,118,0,8,2,12,6,12,4,19,19,1,2,1,1,2,20,7,18,31,6,6,9,14,9,23,218,10,0,11,9,4,1,1,0,41.2,83,3,1,33.3,0.0,0.0601,-0.1802,-2.3024,76.3,56.2,21.1,2.1,100.0,60.9,51,218,1.55,0.0,6.9,-3,L,0,-8.8,32,8.4,6
7559,2018,2018-06-25,16:00:00.000,Group Stage,Volgograd Arena,Wilmar Alexander Roldán Pérez,Saudi Arabia,Egypt,1,2,1,21,7,9,5,17,2,2,15,4,2,2.5458,0.9237,674,589,85,18.0,69,45,584,539,68,67,0,15,6,7,4,12,1,9,15,0,0,0,0,2,6,19,7,40,12,7,6,6,6,12,198,21,0,3,21,0,1,0,1,63.8,87,2,0,33.3,9.5,0.1212,-0.5458,1.6221,87.4,65.2,10.2,2.2,58.3,50.0,44,198,1.67,0.0,0.9,1,W,0,13.8,29,4.3,2
7559,2018,2018-06-25,16:00:00.000,Group Stage,Volgograd Arena,Wilmar Alexander Roldán Pérez,Egypt,Saudi Arabia,0,1,2,8,1,6,1,8,0,0,4,3,1,0.9237,2.5458,379,292,87,21.4,74,44,287,265,36,78,0,9,1,7,7,11,2,17,9,1,2,0,0,3,21,12,15,36,9,7,6,6,6,12,178,12,0,10,7,4,1,0,0,36.2,72,3,0,12.5,12.5,0.1155,0.0763,-1.6221,77.0,59.5,19.5,2.4,77.8,50.0,57,178,2.12,0.0,3.7,-1,L,0,-13.8,26,6.9,5
7560,2018,2018-06-25,20:00:00.000,Group Stage,Stadion Kaliningrad,Ravshan Irmatov,Spain,Morocco,1,2,2,18,3,13,2,18,0,0,8,4,6,2.6045,1.0718,753,675,78,19.06,80,62,652,623,40,90,0,23,7,8,4,14,1,6,18,0,0,0,0,1,3,9,9,33,10,7,10,7,10,17,140,21,0,10,9,1,1,0,0,74.0,89,3,2,16.7,11.1,0.1447,-0.6045,1.5327,89.6,77.5,10.6,3.1,70.0,41.2,31,140,1.74,0.0,0.6,0,D,0,24.0,33,4.4,2
7560,2018,2018-06-25,20:00:00.000,Group Stage,Stadion Kaliningrad,Ravshan Irmatov,Morocco,Spain,0,2,2,8,3,4,1,8,0,0,2,4,2,1.0718,2.6045,251,187,64,23.25,62,34,178,169,4,78,0,3,1,3,7,9,2,18,6,0,6,0,0,1,18,8,17,39,16,9,7,10,7,17,267,13,0,8,11,1,0,3,0,26.0,63,3,2,37.5,25.0,0.134,0.9282,-1.5327,74.5,54.8,24.7,1.2,56.2,58.8,59,267,2.05,0.0,7.8,0,D,0,-24.0,20,8.0,4
7561,2018,2018-06-26,20:00:00.000,Group Stage,	Rostov Arena,Antonio Miguel Mateu Lahoz,Iceland,Croatia,1,1,2,17,6,7,4,15,1,1,8,4,5,2.1327,0.6739,331,224,107,23.03,75,38,244,185,40,106,0,12,10,6,4,11,1,14,11,1,3,0,0,0,10,9,13,50,15,11,9,15,9,24,232,13,0,11,5,0,1,2,0,38.6,83,3,0,35.3,5.9,0.1255,-1.1327,1.4588,67.7,50.7,22.7,3.6,73.3,62.5,47,232,3.12,0.0,4.4,-1,L,0,-11.4,31,9.4,3
7561,2018,2018-06-26,20:00:00.000,Group Stage,	Rostov Arena,Antonio Miguel Mateu Lahoz,Croatia,Iceland,0,2,1,13,2,8,3,11,2,0,8,5,0,0.6739,2.1327,535,451,84,18.99,82,46,428,402,49,84,0,10,5,6,6,20,1,13,13,2,1,0,0,0,25,7,21,37,15,9,15,9,15,24,216,17,0,10,10,5,2,2,0,61.4,88,3,0,15.4,15.4,0.0518,1.3261,-1.4588,84.3,56.1,15.3,1.9,60.0,37.5,68,216,1.85,0.0,2.3,1,W,0,11.4,37,6.9,9
7562,2018,2018-06-26,16:00:00.000,Group Stage,	Olimpiyskiy Stadion Fisht ,Sergey Karasev,Australia,Peru,1,0,2,16,2,10,4,14,2,0,6,3,7,1.6553,0.3364,575,489,86,20.26,76,52,457,424,23,128,0,16,8,9,5,27,1,12,12,0,3,0,0,3,11,5,26,45,7,5,3,12,3,15,244,16,0,22,14,1,0,0,0,56.7,102,3,0,12.5,0.0,0.1035,-1.6553,1.3189,85.0,68.4,13.2,2.8,71.4,80.0,49,244,1.25,0.0,4.2,-2,L,0,6.7,49,8.5,1
7562,2018,2018-06-26,16:00:00.000,Group Stage,	Olimpiyskiy Stadion Fisht ,Sergey Karasev,Peru,Australia,0,2,0,4,3,1,0,4,0,0,1,2,1,0.3364,1.6553,431,341,90,21.31,70,36,343,332,14,85,0,5,3,13,9,10,1,12,12,0,2,0,0,1,22,6,20,47,27,19,12,3,12,15,200,8,0,6,19,2,0,4,0,43.3,75,3,0,75.0,50.0,0.0841,1.6636,-1.3189,79.1,51.4,16.2,1.2,70.4,20.0,75,200,1.88,0.0,3.2,2,W,1,-6.7,35,8.1,6
7563,2018,2018-06-26,16:00:00.000,Group Stage,Stadion Luzhniki,Sandro Ricci,Denmark,France,1,0,0,5,1,1,3,4,1,0,3,2,0,0.139,0.4181,342,236,106,25.7,87,33,238,189,40,113,0,2,4,9,6,15,1,11,10,0,1,0,0,0,20,10,16,49,14,9,16,8,16,24,192,12,0,5,13,4,0,1,0,33.0,74,3,2,20.0,0.0,0.0278,-0.139,-0.2791,69.0,37.9,25.4,0.6,64.3,33.3,60,192,2.72,0.0,2.1,0,D,1,-17.0,34,9.9,5
7563,2018,2018-06-26,16:00:00.000,Group Stage,Stadion Luzhniki,Sandro Ricci,France,Denmark,0,0,0,11,4,6,1,11,0,0,1,8,2,0.4181,0.139,699,592,107,19.54,86,54,594,566,54,79,0,15,2,6,1,14,1,10,11,0,0,0,0,1,8,5,11,54,8,4,8,16,8,24,91,16,0,10,16,1,1,0,1,67.0,80,3,2,36.4,0.0,0.038,-0.4181,0.2791,84.7,62.8,12.3,2.1,50.0,66.7,32,91,2.08,0.0,1.0,0,D,1,17.0,23,3.3,3
7564,2018,2018-06-26,20:00:00.000,Group Stage,Saint-Petersburg Stadium,Cüneyt Çakιr,Nigeria,Argentina,1,1,2,9,3,5,1,7,1,1,8,0,1,1.3053,0.8506,322,210,112,22.12,71,26,226,174,50,98,2,6,3,11,7,26,3,21,17,2,2,0,0,0,9,27,17,46,13,7,10,7,10,17,302,25,0,9,21,1,0,0,0,33.4,84,3,2,33.3,11.1,0.145,-0.3053,0.4547,65.2,36.6,22.0,1.9,53.8,41.2,66,302,1.53,0.0,4.1,-1,L,0,-16.6,47,14.6,1
7564,2018,2018-06-26,20:00:00.000,Group Stage,Saint-Petersburg Stadium,Cüneyt Çakιr,Argentina,Nigeria,0,2,1,8,3,4,1,7,1,0,3,5,0,0.8506,1.3053,595,479,116,19.85,87,56,470,428,50,117,0,10,5,14,3,22,1,17,19,0,3,0,0,2,13,13,10,52,16,9,7,10,7,17,134,25,0,5,17,2,0,0,1,66.6,98,3,2,37.5,25.0,0.1063,1.1494,-0.4547,80.5,64.4,14.6,1.7,56.2,58.8,52,134,2.36,0.0,4.7,1,W,0,16.6,44,7.4,3
7565,2018,2018-06-27,20:00:00.000,Group Stage,Otkritie Bank Arena,Alireza Faghani,Serbia,Brazil,1,0,2,11,1,6,4,11,0,0,3,5,3,0.9478,1.4203,447,337,110,19.97,67,42,371,293,52,102,0,21,5,6,2,6,1,14,7,2,3,0,0,1,20,6,23,62,20,13,8,14,8,22,368,15,0,10,9,5,0,0,1,40.5,79,3,1,9.1,0.0,0.0862,-0.9478,-0.4725,75.4,62.7,15.0,4.7,65.0,63.6,69,368,3.26,0.0,4.4,-2,L,0,-9.5,19,4.3,6
7565,2018,2018-06-27,20:00:00.000,Group Stage,Otkritie Bank Arena,Alireza Faghani,Brazil,Serbia,0,2,0,15,7,3,5,15,0,0,11,3,1,1.4203,0.9478,653,553,100,17.9,76,52,552,518,58,77,0,12,8,8,3,13,1,7,12,0,0,0,0,1,23,10,28,45,16,11,14,8,14,22,104,28,0,8,11,1,4,0,1,59.5,89,3,1,46.7,13.3,0.0947,0.5797,0.4725,84.7,68.4,11.6,1.8,68.8,36.4,77,104,2.37,0.0,0.7,2,W,1,9.5,32,4.9,6
7566,2018,2018-06-27,16:00:00.000,Group Stage,	Ekaterinburg Arena,Néstor Fabián Pitana,Mexico,Sweden,1,0,3,22,3,10,9,21,1,0,9,8,5,1.6107,2.7905,508,404,104,20.85,73,38,404,347,67,94,0,20,7,8,6,19,1,16,17,2,3,0,0,1,5,12,9,48,4,2,11,13,11,24,89,30,0,4,12,3,0,1,0,71.7,93,3,1,13.6,0.0,0.0732,-1.6107,-1.1798,79.5,52.1,14.4,3.9,50.0,54.2,30,89,3.0,0.0,4.6,-3,L,0,21.7,40,7.9,4
7566,2018,2018-06-27,16:00:00.000,Group Stage,	Ekaterinburg Arena,Néstor Fabián Pitana,Sweden,Mexico,0,3,0,15,5,9,1,13,1,1,10,3,2,2.7905,1.6107,254,152,102,25.7,68,24,175,100,48,106,0,8,3,12,8,8,1,18,14,1,2,0,0,0,24,12,18,32,14,10,13,11,13,24,182,6,0,2,8,3,0,1,0,28.3,71,3,1,33.3,20.0,0.186,0.2095,1.1798,59.8,35.3,26.8,3.1,71.4,45.8,68,182,3.2,0.0,3.8,3,W,1,-21.7,31,12.2,4
7567,2018,2018-06-27,16:00:00.000,Group Stage,Ak Bars Arena,Mark Geiger,South Korea,Germany,1,2,0,12,5,6,1,11,1,0,9,3,0,1.7746,2.7089,259,184,75,26.32,72,29,174,154,17,88,0,4,3,5,15,11,1,16,6,0,4,0,0,0,31,6,32,46,12,9,12,2,12,14,292,14,0,13,9,6,3,3,0,25.4,78,3,0,41.7,16.7,0.1479,0.2254,-0.9343,71.0,40.3,27.8,1.5,75.0,14.3,81,292,2.09,0.0,5.6,2,W,1,-24.6,34,13.1,12
7567,2018,2018-06-27,16:00:00.000,Group Stage,Ak Bars Arena,Mark Geiger,Germany,South Korea,0,0,2,29,6,13,10,29,0,0,13,7,8,2.7089,1.7746,734,631,103,19.24,91,67,607,588,71,75,0,26,8,8,3,24,3,7,15,1,0,0,0,1,7,8,16,49,18,15,2,12,2,14,114,22,0,5,9,3,0,0,0,74.6,108,3,0,20.7,0.0,0.0934,-2.7089,0.9343,86.0,73.6,12.4,3.5,83.3,85.7,49,114,3.5,0.0,0.7,-2,L,0,24.6,43,5.9,3
7568,2018,2018-06-27,20:00:00.000,Group Stage,Stadion Nizhny Novgorod (Nizhniy Novgorod),Clément Turpin,Switzerland,Costa Rica,1,2,2,13,3,6,4,13,0,0,6,4,3,1.1965,1.5762,595,502,93,21.16,97,61,470,482,37,76,0,17,6,9,11,14,1,10,15,0,2,0,0,1,11,7,16,36,17,10,5,7,5,12,172,10,0,7,11,5,0,1,0,62.3,86,3,0,23.1,15.4,0.092,0.8035,-0.3797,84.4,62.9,16.3,2.9,58.8,58.3,51,172,2.0,0.0,3.0,0,D,0,12.3,40,6.7,6
7568,2018,2018-06-27,20:00:00.000,Group Stage,Stadion Nizhny Novgorod (Nizhniy Novgorod),Clément Turpin,Costa Rica,Switzerland,0,2,2,14,6,6,2,13,0,1,5,7,2,1.5762,1.1965,362,280,82,22.78,77,47,270,225,36,101,0,8,3,2,2,16,1,15,10,0,2,0,0,0,17,13,19,42,7,4,7,5,7,12,118,20,0,10,9,1,2,2,0,37.7,85,3,0,42.9,14.3,0.1126,0.4238,0.3797,77.3,61.0,21.3,2.2,57.1,41.7,56,118,2.21,0.0,3.5,0,D,0,-12.3,23,6.4,5
7569,2018,2018-06-28,20:00:00.000,Group Stage,Mordovia Arena,Nawaf Abdulla Ghayyath Shukralla,Panama,Tunisia,1,1,2,9,4,3,2,8,1,0,4,4,0,0.6908,2.8525,291,202,89,24.53,70,29,204,169,29,93,0,4,0,13,9,16,1,20,19,2,1,0,0,3,24,15,13,40,16,9,13,7,13,20,170,12,0,12,8,4,1,0,0,30.8,83,3,0,44.4,11.1,0.0768,0.3092,-2.1617,69.4,41.4,24.1,1.4,56.2,35.0,68,170,2.0,0.0,3.0,-1,L,0,-19.2,38,13.1,5
7569,2018,2018-06-28,20:00:00.000,Group Stage,Mordovia Arena,Nawaf Abdulla Ghayyath Shukralla,Tunisia,Panama,0,2,1,15,6,6,3,15,0,0,13,0,1,2.8525,0.6908,648,547,101,20.89,105,71,513,484,78,86,3,12,6,14,5,15,1,20,18,1,3,0,0,0,2,13,9,30,15,9,7,13,7,20,147,20,0,9,15,4,0,2,0,69.2,94,3,0,40.0,13.3,0.1902,-0.8525,2.1617,84.4,67.6,16.2,1.9,60.0,65.0,39,147,1.25,0.0,5.0,1,W,0,19.2,40,6.2,6
7570,2018,2018-06-28,20:00:00.000,Group Stage,Stadion Kaliningrad,Damir Skomina,England,Belgium,1,0,1,12,1,7,4,10,2,0,6,3,3,1.2007,0.9653,514,432,82,22.21,101,57,386,391,38,85,1,14,7,10,3,18,2,14,15,0,0,0,0,3,3,6,15,49,8,6,8,14,8,22,149,24,0,8,7,2,0,0,0,49.1,88,2,1,8.3,0.0,0.1001,-1.2007,0.2354,84.0,56.4,19.6,2.7,75.0,63.6,32,149,3.27,0.0,1.4,-1,L,0,-0.9,38,7.4,2
7570,2018,2018-06-28,20:00:00.000,Group Stage,Stadion Kaliningrad,Damir Skomina,Belgium,England,0,1,0,14,3,4,7,14,0,0,9,4,1,0.9653,1.2007,569,487,82,20.95,68,37,483,461,39,69,0,8,2,9,8,9,1,16,14,1,2,0,0,1,18,7,15,45,16,11,14,8,14,22,254,16,0,5,4,1,2,2,0,50.9,76,2,1,21.4,7.1,0.069,0.0347,-0.2354,85.6,54.4,12.0,1.4,68.8,36.4,56,254,5.0,0.0,3.6,1,W,1,0.9,28,4.9,5
7571,2018,2018-06-28,16:00:00.000,Group Stage,	Solidarnost Arena,Milorad Mažić,Senegal,Colombia,1,0,1,7,3,4,0,6,1,0,6,1,0,0.3599,0.2849,328,234,94,23.69,71,34,234,198,15,115,1,4,1,16,4,17,2,15,15,0,1,0,0,2,16,16,15,40,15,10,5,8,5,13,217,15,0,10,17,1,0,2,1,39.9,80,3,1,42.9,0.0,0.0514,-0.3599,0.075,71.3,47.9,21.6,1.2,66.7,61.5,62,217,1.48,0.0,2.5,-1,L,0,-10.1,38,11.6,4
7571,2018,2018-06-28,16:00:00.000,Group Stage,	Solidarnost Arena,Milorad Mažić,Colombia,Senegal,0,1,0,4,2,1,1,3,1,0,0,2,2,0.2849,0.3599,466,358,108,23.12,100,57,333,307,32,127,0,9,3,12,10,25,1,16,15,1,1,0,0,3,15,5,14,39,12,11,8,5,8,13,96,10,0,8,18,3,0,2,0,60.1,92,3,1,50.0,25.0,0.0712,0.7151,-0.075,76.8,57.0,21.5,1.9,91.7,38.5,46,96,1.5,0.0,2.6,1,W,1,10.1,50,10.7,5
7572,2018,2018-06-28,16:00:00.000,Group Stage,Volgograd Arena,Janny Sikazwe,Japan,Poland,1,0,1,11,3,6,2,11,0,0,6,1,4,0.8824,1.0407,587,491,96,19.37,71,46,493,444,15,128,0,11,5,8,4,18,1,12,9,0,1,0,0,1,17,3,16,28,12,3,6,12,6,18,176,7,0,12,12,1,0,0,1,51.7,70,3,2,27.3,0.0,0.0802,-0.8824,-0.1583,83.6,64.8,12.1,1.9,25.0,66.7,48,176,1.17,0.0,2.2,-1,L,0,1.7,35,6.0,2
7572,2018,2018-06-28,16:00:00.000,Group Stage,Volgograd Arena,Janny Sikazwe,Poland,Japan,0,1,0,11,2,5,4,11,0,0,5,2,4,1.0407,0.8824,499,400,99,23.4,122,83,347,323,59,117,0,15,7,8,4,27,1,9,12,0,0,0,0,0,13,6,13,36,12,6,12,6,12,18,152,15,0,8,13,3,0,2,1,48.3,83,2,2,18.2,9.1,0.0946,-0.0407,0.1583,80.2,68.0,24.4,3.0,50.0,33.3,44,152,1.71,0.0,0.9,1,W,1,-1.7,46,9.2,6
7579,2018,2018-06-30,20:00:00.000,Round of 16,	Olimpiyskiy Stadion Fisht ,César Arturo Ramos Palazuelos,Uruguay,Portugal,1,2,1,7,3,3,1,6,1,0,5,0,2,0.476,1.0208,291,190,101,25.5,72,34,208,153,34,104,0,6,2,11,9,14,1,14,12,0,0,0,0,0,25,11,28,46,21,15,14,11,14,25,183,17,0,8,10,3,0,7,0,32.0,80,3,1,42.9,28.6,0.068,1.524,-0.5448,65.3,47.2,24.7,2.1,71.4,44.0,85,183,2.56,0.0,1.4,1,W,0,-18.0,36,12.4,10
7579,2018,2018-06-30,20:00:00.000,Round of 16,	Olimpiyskiy Stadion Fisht ,César Arturo Ramos Palazuelos,Portugal,Uruguay,0,1,2,21,4,9,8,20,1,0,13,3,5,1.0208,0.476,593,486,107,19.75,94,67,471,406,73,114,0,35,9,7,5,15,1,13,14,1,1,0,0,1,10,10,16,53,14,7,11,14,11,25,98,27,0,15,8,1,0,1,1,68.0,98,3,1,19.0,4.8,0.0486,-0.0208,0.5448,82.0,71.3,15.9,5.9,50.0,56.0,50,98,2.3,0.0,2.3,-1,L,0,18.0,36,6.1,3
7580,2018,2018-06-30,16:00:00.000,Round of 16,Ak Bars Arena,Alireza Faghani,France,Argentina,1,4,3,9,4,4,1,6,2,1,4,5,0,1.638,1.4466,350,283,67,20.21,57,37,282,245,35,70,0,6,0,9,3,5,1,23,14,0,2,0,0,0,16,8,18,47,24,11,8,6,8,14,281,15,0,14,13,1,0,0,1,39.3,70,3,1,44.4,44.4,0.182,2.362,0.1914,80.9,64.9,16.3,1.7,45.8,42.9,66,281,1.74,0.0,4.3,1,W,0,-10.7,17,4.9,2
7580,2018,2018-06-30,16:00:00.000,Round of 16,Ak Bars Arena,Alireza Faghani,Argentina,France,0,3,4,12,4,2,6,11,1,0,5,6,1,1.4466,1.638,535,448,87,19.27,70,44,434,394,68,73,0,14,4,14,3,18,2,14,23,0,4,0,0,1,5,7,12,42,18,13,6,8,6,14,180,22,0,15,7,0,0,1,1,60.7,93,3,1,33.3,25.0,0.1206,1.5534,-0.1914,83.7,62.9,13.1,2.6,72.2,57.1,42,180,1.91,0.0,5.4,-1,L,0,10.7,39,7.3,2
7581,2018,2018-07-01,20:00:00.000,Round of 16,Stadion Nizhny Novgorod (Nizhniy Novgorod),Néstor Fabián Pitana,Croatia,Denmark,1,1,1,26,11,8,7,19,1,6,18,6,2,6.0877,4.614,665,517,148,22.29,123,64,500,444,67,154,1,24,5,13,11,33,2,7,19,1,0,0,0,1,30,9,17,60,9,7,14,9,14,23,184,20,0,6,13,2,1,3,0,52.9,121,4,1,42.3,3.8,0.2341,-5.0877,1.4737,77.7,52.0,18.5,3.6,77.8,39.1,65,184,3.16,0.0,0.7,0,D,0,2.9,62,9.3,6
7581,2018,2018-07-01,20:00:00.000,Round of 16,Stadion Nizhny Novgorod (Nizhniy Novgorod),Néstor Fabián Pitana,Denmark,Croatia,0,1,1,19,8,8,3,14,0,5,16,3,0,4.614,6.0877,581,445,136,24.24,133,79,427,354,63,164,1,19,4,6,9,29,2,19,6,0,1,0,0,0,18,13,29,55,8,4,9,14,9,23,163,20,0,6,19,4,2,1,0,47.1,108,4,1,42.1,5.3,0.2428,-3.614,-1.4737,76.6,59.4,22.9,3.3,50.0,60.9,68,163,2.2,0.0,2.9,0,D,0,-2.9,48,8.3,7
7582,2018,2018-07-01,16:00:00.000,Round of 16,Stadion Luzhniki,Björn Kuipers,Spain,Russia,1,1,1,29,14,8,7,24,0,5,11,11,6,5.3586,4.5404,1157,1026,131,20.09,136,104,980,921,29,207,0,24,6,13,8,30,2,6,19,1,1,0,0,1,8,3,21,60,16,9,17,14,17,31,123,28,0,11,15,0,0,0,0,78.2,113,4,0,48.3,3.4,0.1848,-4.3586,0.8182,88.7,76.5,11.8,2.1,56.2,45.2,48,123,2.31,0.0,1.6,0,D,0,28.2,57,4.9,0
7582,2018,2018-07-01,16:00:00.000,Round of 16,Stadion Luzhniki,Björn Kuipers,Russia,Spain,0,1,1,12,5,3,4,7,0,5,7,2,3,4.5404,5.3586,326,215,111,24.39,82,36,220,153,33,140,0,10,5,4,10,21,2,21,5,2,2,0,0,1,28,21,30,32,15,10,14,17,14,31,277,17,0,8,16,9,0,0,0,21.8,92,4,0,41.7,8.3,0.3784,-3.5404,-0.8182,66.0,43.9,25.2,3.1,66.7,54.8,94,277,1.33,0.0,4.1,0,D,0,-28.2,40,12.3,9
7583,2018,2018-07-02,16:00:00.000,Round of 16,	Solidarnost Arena,Gianluca Rocchi,Brazil,Mexico,1,2,0,19,10,5,4,18,1,0,13,6,0,3.3204,0.5828,410,330,80,18.96,55,28,327,276,51,83,2,16,8,12,7,18,1,8,19,0,2,0,0,0,16,9,21,35,29,21,5,6,5,11,257,31,0,12,10,1,1,4,0,47.9,93,3,0,52.6,10.5,0.1748,-1.3204,2.7376,80.5,50.9,13.4,3.9,72.4,54.5,75,257,1.59,0.0,2.8,2,W,1,-2.1,45,11.0,6
7583,2018,2018-07-02,16:00:00.000,Round of 16,	Solidarnost Arena,Gianluca Rocchi,Mexico,Brazil,0,0,2,14,1,5,8,14,0,0,6,7,1,0.5828,3.3204,429,353,76,23.3,90,52,320,305,16,108,0,16,7,3,5,15,1,19,8,0,4,0,0,0,11,4,25,55,21,14,6,5,6,11,153,31,0,22,9,8,1,1,0,52.1,81,3,0,7.1,0.0,0.0416,-0.5828,-2.7376,82.3,57.8,21.0,3.7,66.7,45.5,61,153,1.77,0.0,5.9,-2,L,0,2.1,30,7.0,10
7584,2018,2018-07-02,20:00:00.000,Round of 16,	Rostov Arena,Malang Diedhiou,Belgium,Japan,1,3,2,28,7,14,7,28,0,0,14,5,8,2.9178,0.6938,618,524,94,20.2,90,59,498,462,43,113,0,26,8,7,3,21,1,13,10,1,0,0,0,1,10,5,16,41,8,5,6,14,6,20,140,22,0,4,8,2,0,1,0,59.0,95,2,0,25.0,10.7,0.1042,0.0822,2.224,84.8,65.6,14.6,4.2,62.5,70.0,39,140,3.42,0.0,1.3,1,W,0,9.0,39,6.3,3
7584,2018,2018-07-02,20:00:00.000,Round of 16,	Rostov Arena,Malang Diedhiou,Japan,Belgium,0,2,3,12,4,4,4,11,1,0,7,3,2,0.6938,2.9178,457,363,94,22.33,87,47,356,338,28,91,1,13,4,5,10,8,3,11,12,1,1,0,0,1,33,12,19,40,6,3,14,6,14,20,167,12,0,5,10,4,2,1,0,41.0,74,2,0,33.3,16.7,0.0578,1.3062,-2.224,79.4,54.0,19.0,2.8,50.0,30.0,70,167,2.67,0.0,2.1,-1,L,0,-9.0,27,5.9,7
7585,2018,2018-07-03,20:00:00.000,Round of 16,Otkritie Bank Arena,Mark Geiger,Colombia,England,1,1,1,19,8,8,3,14,0,5,9,4,6,4.7487,6.1618,556,429,127,23.02,107,50,421,366,58,132,0,12,2,11,10,22,2,23,13,1,6,0,0,1,28,7,22,64,11,6,20,15,20,35,190,19,0,9,16,1,1,1,0,49.6,104,4,2,42.1,5.3,0.2499,-3.7487,-1.4131,77.2,46.7,19.2,2.2,54.5,42.9,68,190,2.56,0.0,8.3,0,D,0,-0.4,45,8.1,3
7585,2018,2018-07-03,20:00:00.000,Round of 16,Otkritie Bank Arena,Mark Geiger,England,Colombia,0,1,1,22,7,10,5,14,2,6,13,3,6,6.1618,4.7487,605,477,128,21.75,104,61,476,415,36,154,0,13,7,19,2,21,3,13,22,0,2,0,0,2,22,5,21,49,16,8,15,20,15,35,152,10,0,5,20,3,0,0,1,50.4,120,4,2,31.8,4.5,0.2801,-5.1618,1.4131,78.8,58.7,17.2,2.1,50.0,57.1,64,152,1.96,0.0,3.3,0,D,0,0.4,49,8.1,4
7586,2018,2018-07-03,16:00:00.000,Round of 16,Saint-Petersburg Stadium,Damir Skomina,Sweden,Switzerland,1,1,0,12,3,6,3,9,3,0,10,2,0,0.9106,0.533,304,202,102,24.05,67,31,217,170,19,115,0,4,3,8,6,17,1,12,15,0,1,0,0,1,27,6,32,47,8,7,14,8,14,22,282,8,0,4,12,3,3,1,0,31.3,78,3,0,25.0,8.3,0.0759,0.0894,0.3776,66.4,46.3,22.0,1.3,87.5,36.4,73,282,2.94,0.0,2.2,1,W,1,-18.7,34,11.2,7
7586,2018,2018-07-03,16:00:00.000,Round of 16,Saint-Petersburg Stadium,Damir Skomina,Switzerland,Sweden,0,0,1,16,3,4,9,16,0,0,6,7,3,0.533,0.9106,615,510,105,22.07,114,70,472,469,41,105,0,29,11,11,11,14,1,16,12,1,2,1,0,0,13,7,13,50,7,3,8,14,8,22,121,7,0,5,10,2,0,0,0,68.7,86,2,0,18.8,0.0,0.0333,-0.533,-0.3776,82.9,61.4,18.5,4.7,42.9,63.6,40,121,3.33,0.0,6.6,-1,L,0,18.7,47,7.6,2
8649,2018,2018-07-06,16:00:00.000,Quarter-finals,Stadion Nizhny Novgorod (Nizhniy Novgorod),Néstor Fabián Pitana,Uruguay,France,1,0,2,10,4,5,1,10,0,0,3,5,2,0.6932,0.5388,352,217,135,23.71,86,36,243,142,56,154,0,19,4,11,6,20,3,22,18,1,2,0,0,0,13,14,11,61,19,9,19,17,19,36,182,13,0,10,15,0,1,0,0,39.4,87,3,0,40.0,0.0,0.0693,-0.6932,0.1544,61.6,41.9,24.4,5.4,47.4,47.2,57,182,2.44,0.0,4.2,-2,L,0,-10.6,41,11.6,1
8649,2018,2018-07-06,16:00:00.000,Quarter-finals,Stadion Nizhny Novgorod (Nizhniy Novgorod),Néstor Fabián Pitana,France,Uruguay,0,2,0,11,2,8,1,10,1,0,4,4,3,0.5388,0.6932,567,445,122,18.75,81,44,456,362,79,126,0,13,3,13,9,22,1,18,21,0,2,0,0,0,32,17,13,38,14,6,17,19,17,36,171,26,0,10,14,4,0,1,0,60.6,100,3,0,18.2,18.2,0.049,1.4612,-0.1544,78.5,54.3,14.3,2.3,42.9,52.8,76,171,1.58,0.0,3.8,2,W,1,10.6,47,8.3,5
8650,2018,2018-07-06,20:00:00.000,Quarter-finals,Ak Bars Arena,Milorad Mažić,Brazil,Belgium,1,1,2,25,9,7,9,25,0,0,17,5,3,2.6092,0.4053,532,459,73,17.7,61,43,451,425,17,90,3,20,8,5,1,11,1,20,17,0,2,0,0,1,7,9,16,41,13,8,9,6,9,15,168,13,0,14,17,2,0,0,0,60.3,90,3,0,36.0,4.0,0.1044,-1.6092,2.2039,86.3,70.5,11.5,3.8,61.5,40.0,45,168,1.32,0.0,4.0,-1,L,0,10.3,25,4.7,2
8650,2018,2018-07-06,20:00:00.000,Quarter-finals,Ak Bars Arena,Milorad Mažić,Belgium,Brazil,0,2,1,8,3,3,2,7,1,0,7,1,0,0.4053,2.6092,385,310,75,23.34,78,54,284,271,6,108,0,2,4,7,9,15,1,18,20,1,2,0,0,0,36,3,23,43,16,11,6,9,6,15,330,16,0,11,11,8,1,1,0,39.7,83,2,0,37.5,25.0,0.0507,1.5947,-2.2039,80.5,69.2,20.3,0.5,68.8,60.0,78,330,1.95,0.0,3.8,1,W,0,-10.3,35,9.1,10
8651,2018,2018-07-07,16:00:00.000,Quarter-finals,	Solidarnost Arena,Björn Kuipers,Sweden,England,1,0,2,8,3,4,1,7,1,0,3,3,2,0.8342,0.7582,400,291,109,24.09,98,50,275,226,18,156,0,10,1,7,7,26,2,14,8,2,2,0,0,2,35,9,20,32,12,6,19,11,19,30,254,13,0,5,12,0,0,1,1,40.1,85,3,0,37.5,0.0,0.1043,-0.8342,0.076,72.8,51.0,24.5,2.5,50.0,36.7,76,254,1.88,0.0,3.4,-2,L,0,-9.9,41,10.2,2
8651,2018,2018-07-07,16:00:00.000,Quarter-finals,	Solidarnost Arena,Björn Kuipers,England,Sweden,0,2,0,12,2,3,7,12,0,0,7,3,2,0.7582,0.8342,563,426,137,23.53,117,56,422,342,79,142,2,19,6,10,8,22,1,8,12,0,1,0,0,1,7,4,15,52,9,8,11,19,11,30,104,18,0,8,8,3,0,0,0,59.9,87,3,0,16.7,16.7,0.0632,1.2418,-0.076,75.7,47.9,20.8,3.4,88.9,63.3,35,104,3.25,0.0,1.8,2,W,1,9.9,46,8.2,3
8652,2018,2018-07-07,20:00:00.000,Quarter-finals,	Olimpiyskiy Stadion Fisht ,Sandro Ricci,Russia,Croatia,1,2,2,18,10,6,2,13,0,5,11,2,5,4.9884,5.5653,417,266,151,25.33,108,46,290,188,53,176,0,14,6,14,7,16,2,24,15,1,1,0,0,1,46,9,30,50,12,8,12,11,12,23,201,8,0,4,23,2,1,1,0,32.6,105,4,1,55.6,11.1,0.2771,-2.9884,-0.5769,63.8,42.6,25.9,3.4,66.7,47.8,97,201,1.85,0.0,3.4,0,D,0,-17.4,43,10.3,4
8652,2018,2018-07-07,20:00:00.000,Quarter-finals,	Olimpiyskiy Stadion Fisht ,Sandro Ricci,Croatia,Russia,0,2,2,23,9,10,4,17,1,5,16,1,6,5.5653,4.9884,771,607,164,22.9,159,102,571,518,75,178,0,30,8,14,6,28,2,18,23,3,4,0,0,0,29,7,16,64,6,4,11,12,11,23,123,20,0,8,18,4,2,2,0,67.4,138,4,1,39.1,8.7,0.242,-3.5653,0.5769,78.7,64.2,20.6,3.9,66.7,52.2,58,123,2.46,0.0,5.8,0,D,0,17.4,56,7.3,8
8655,2018,2018-07-10,20:00:00.000,Semi-finals,Saint-Petersburg Stadium,Andrés Cunha,France,Belgium,1,1,0,19,5,9,5,18,1,0,4,11,4,1.6817,0.5669,367,301,66,20.99,64,42,282,260,28,79,0,8,4,13,7,12,1,6,17,0,2,0,0,1,21,8,11,35,10,6,2,5,2,7,149,15,0,5,12,2,2,0,0,38.4,79,2,2,26.3,5.3,0.0885,-0.6817,1.1148,82.0,65.6,17.4,2.2,60.0,71.4,50,149,2.06,0.0,2.6,1,W,1,-11.6,36,9.8,4
8655,2018,2018-07-10,20:00:00.000,Semi-finals,Saint-Petersburg Stadium,Andrés Cunha,Belgium,France,0,0,1,9,2,6,1,9,0,0,4,3,2,0.5669,1.6817,623,549,74,19.92,65,43,531,498,38,87,0,16,5,4,3,17,2,17,6,0,3,0,0,1,11,5,13,33,12,8,5,2,5,7,97,14,0,9,17,4,1,0,0,61.6,76,3,2,22.2,0.0,0.063,-0.5669,-1.1148,88.1,66.2,10.4,2.6,66.7,28.6,41,97,1.27,0.0,4.7,-1,L,0,11.6,29,4.7,5
8656,2018,2018-07-11,20:00:00.000,Semi-finals,Stadion Luzhniki,Cüneyt Çakιr,Croatia,England,1,2,1,22,7,10,5,22,0,0,11,11,0,2.1413,0.5467,656,492,164,22.36,143,84,473,390,56,210,0,27,8,13,8,27,2,26,12,2,2,0,0,1,21,6,14,55,14,6,14,4,14,18,177,10,0,5,11,0,1,3,2,54.7,120,4,0,31.8,9.1,0.0973,-0.1413,1.5946,75.0,58.7,21.8,4.1,42.9,22.2,55,177,3.44,0.0,4.6,1,W,0,4.7,56,8.5,6
8656,2018,2018-07-11,20:00:00.000,Semi-finals,Stadion Luzhniki,Cüneyt Çakιr,England,Croatia,0,1,2,11,1,6,4,10,1,0,6,2,3,0.5467,2.1413,537,403,134,25.55,141,68,357,320,37,180,0,12,4,21,8,35,2,13,24,1,1,0,0,3,41,5,31,56,7,4,4,14,4,18,326,14,0,12,20,5,2,3,0,45.3,122,4,0,9.1,9.1,0.0497,0.4533,-1.5946,75.0,48.2,26.3,2.2,57.1,77.8,84,326,1.75,0.0,2.3,-1,L,0,-4.7,68,12.7,10
8657,2018,2018-07-14,16:00:00.000,3rd Place Final,Saint-Petersburg Stadium,Alireza Faghani,Belgium,England,1,2,0,11,4,3,4,11,0,0,10,1,0,1.3207,1.3354,499,427,72,19.77,72,49,414,406,33,60,0,9,4,2,3,8,1,12,4,1,1,0,0,1,21,9,10,39,12,7,5,0,5,5,259,21,0,5,7,5,0,3,0,43.9,72,3,1,36.4,18.2,0.1201,0.6793,-0.0147,85.6,68.1,14.4,1.8,58.3,0.0,52,259,3.25,0.0,2.2,2,W,1,-6.1,17,3.4,8
8657,2018,2018-07-14,16:00:00.000,3rd Place Final,Saint-Petersburg Stadium,Alireza Faghani,England,Belgium,0,0,2,15,5,7,3,15,0,0,9,1,5,1.3354,1.3207,685,619,66,17.41,66,38,600,574,35,76,0,20,5,7,3,10,1,4,11,0,2,0,0,0,8,13,18,34,11,7,0,5,0,5,274,17,0,7,8,2,0,0,0,56.1,78,3,1,33.3,0.0,0.089,-1.3354,0.0147,90.4,57.6,9.6,2.9,63.6,100.0,50,274,2.27,0.0,2.4,-2,L,0,6.1,25,3.6,2
8658,2018,2018-07-15,17:00:00.000,Final,Stadion Luzhniki,Néstor Fabián Pitana,France,Croatia,1,4,2,8,6,1,1,7,0,1,3,5,0,1.098,1.4803,292,202,90,24.06,71,38,195,149,33,110,0,4,2,9,11,20,1,14,13,0,1,0,0,1,24,11,18,43,15,11,9,7,9,16,157,16,0,17,16,1,2,6,1,35.9,88,3,0,75.0,50.0,0.1372,2.902,-0.3823,69.2,53.5,24.3,1.4,73.3,43.8,68,157,1.3,0.0,2.4,2,W,0,-14.1,42,14.4,10
8658,2018,2018-07-15,17:00:00.000,Final,Stadion Luzhniki,Néstor Fabián Pitana,Croatia,France,0,2,4,15,3,8,4,15,0,0,6,5,4,1.4803,1.098,554,448,106,21.01,94,60,435,374,36,144,0,25,6,8,0,17,3,14,14,1,1,0,0,0,13,6,15,45,22,17,7,9,7,16,97,12,0,10,17,3,0,0,0,64.1,94,2,0,20.0,13.3,0.0987,0.5197,0.3823,80.9,63.8,17.0,4.5,77.3,56.2,56,97,1.67,0.0,2.4,-2,L,0,14.1,31,5.6,3
3857286,2022,2022-11-20,18:00:00.000,Group Stage,Al Bayt Stadium,Daniele Orsato,Qatar,Ecuador,1,0,2,5,0,5,0,5,0,0,2,1,2,0.3042,1.154,468,382,86,20.16,65,38,362,341,61,66,2,4,1,18,5,20,3,17,14,0,4,0,0,3,21,5,11,33,11,8,13,18,13,31,99,15,0,8,12,1,1,0,2,46.7,79,2,1,0.0,0.0,0.0608,-0.3042,-0.8498,81.6,58.5,13.9,0.9,72.7,58.1,48,99,1.65,0.0,5.7,-2,L,0,-3.3,44,9.4,4
3857286,2022,2022-11-20,18:00:00.000,Group Stage,Al Bayt Stadium,Daniele Orsato,Ecuador,Qatar,0,2,0,6,3,3,0,5,0,1,4,0,2,1.154,0.3042,519,432,87,20.46,86,48,413,382,43,94,3,7,3,17,7,17,1,14,17,0,2,0,0,3,4,8,21,34,15,10,18,13,18,31,134,14,0,9,14,0,0,1,0,53.3,79,4,1,50.0,33.3,0.1923,0.846,0.8498,83.2,55.8,16.6,1.3,66.7,41.9,48,134,1.48,0.0,3.4,2,W,1,3.3,44,8.5,1
3857271,2022,2022-11-21,15:00:00.000,Group Stage,Sheikh Khalifa International Stadium,Raphael Claus,England,Iran,1,6,2,13,7,3,3,12,1,0,4,7,2,1.9872,1.4557,846,746,100,20.17,108,70,706,679,72,95,0,13,8,15,5,18,3,9,17,0,0,0,0,2,7,6,13,46,16,9,14,13,14,27,101,14,0,8,14,0,0,0,0,76.7,83,5,0,53.8,46.2,0.1529,4.0128,0.5315,88.2,64.8,12.8,1.5,56.2,48.1,42,101,2.09,0.0,0.9,4,W,0,26.7,46,5.4,0
3857271,2022,2022-11-21,15:00:00.000,Group Stage,Sheikh Khalifa International Stadium,Raphael Claus,Iran,England,0,2,6,8,2,4,1,7,0,1,7,1,0,1.4557,1.9872,247,163,84,22.76,54,22,165,126,48,73,1,9,0,10,5,17,7,21,9,2,2,0,0,2,21,21,17,38,12,4,13,14,13,27,141,11,0,7,4,1,2,0,1,23.3,71,6,0,25.0,25.0,0.182,0.5443,-0.5315,66.0,40.7,21.9,3.6,33.3,51.9,71,141,3.45,0.0,4.1,-4,L,0,-26.7,32,13.0,4
3857282,2022,2022-11-21,21:00:00.000,Group Stage,Ahmad bin Ali Stadium,Abdulrahman Ibrahim Al Jassim,United States,Wales,1,1,1,6,1,4,1,6,0,0,3,0,3,0.6025,1.3953,610,520,90,20.71,79,51,501,448,71,91,2,18,5,11,5,22,2,17,10,1,4,0,0,1,24,13,21,45,14,8,18,16,18,34,137,6,0,22,20,2,0,3,1,58.1,86,5,1,16.7,16.7,0.1004,0.3975,-0.7928,85.2,64.6,13.0,3.0,57.1,47.1,72,137,1.07,0.0,5.7,0,D,0,8.1,43,7.0,6
3857282,2022,2022-11-21,21:00:00.000,Group Stage,Ahmad bin Ali Stadium,Abdulrahman Ibrahim Al Jassim,Wales,United States,0,1,1,7,3,3,1,6,0,1,2,2,3,1.3953,0.6025,443,339,104,23.77,94,57,316,266,61,116,0,11,3,15,10,25,2,10,16,0,2,0,0,1,29,10,23,53,24,17,16,18,16,34,128,12,0,9,18,0,2,1,0,41.9,90,4,1,42.9,14.3,0.1993,-0.3953,0.7928,76.5,60.6,21.2,2.5,70.8,52.9,86,128,1.96,0.0,3.0,0,D,0,-8.1,53,12.0,3
3857285,2022,2022-11-21,18:00:00.000,Group Stage,Al Thumama Stadium,Wilton Pereira Sampaio,Senegal,Netherlands,1,0,2,15,4,7,4,15,0,0,7,6,2,0.6915,1.1239,430,344,86,20.78,74,39,318,289,50,91,1,12,6,14,6,17,3,13,16,1,2,0,0,1,34,9,13,49,14,11,21,19,21,40,112,6,0,8,15,1,1,2,2,47.9,86,4,0,26.7,0.0,0.0461,-0.6915,-0.4324,80.0,52.7,17.2,2.8,78.6,47.5,70,112,2.13,0.0,3.3,-2,L,0,-2.1,43,10.0,6
3857285,2022,2022-11-21,18:00:00.000,Group Stage,Al Thumama Stadium,Wilton Pereira Sampaio,Netherlands,Senegal,0,2,0,10,3,4,3,10,0,0,0,6,4,1.1239,0.6915,491,393,98,21.32,79,45,366,340,58,93,4,17,7,15,10,28,1,16,12,0,1,0,0,0,16,11,15,31,10,9,19,21,19,40,104,12,0,9,12,4,0,1,1,52.1,92,4,0,30.0,20.0,0.1124,0.8761,0.4324,80.0,57.0,16.1,3.5,90.0,52.5,52,104,1.48,0.0,2.6,2,W,1,2.1,60,12.2,6
3857254,2022,2022-11-22,15:00:00.000,Group Stage,Education City Stadium ,César Arturo Ramos Palazuelos,Denmark,Tunisia,1,0,0,11,5,4,2,11,0,0,4,2,5,1.5666,1.0599,646,544,102,20.89,101,67,513,485,69,92,0,12,11,11,6,24,1,13,9,0,2,0,0,1,20,10,23,44,15,9,15,20,15,35,109,14,0,14,17,1,1,0,1,60.0,101,4,0,45.5,0.0,0.1424,-1.5666,0.5067,84.2,66.3,15.6,1.9,60.0,57.1,68,109,1.42,0.0,3.3,0,D,1,10.0,52,8.0,3
3857254,2022,2022-11-22,15:00:00.000,Group Stage,Education City Stadium ,César Arturo Ramos Palazuelos,Tunisia,Denmark,0,0,0,13,1,5,7,13,0,0,9,2,2,1.0599,1.5666,417,315,102,23.17,86,41,299,258,57,102,2,3,9,10,7,24,1,10,13,1,1,0,0,1,33,12,20,51,26,14,20,15,20,35,130,16,0,11,10,5,1,1,1,40.0,93,5,0,7.7,0.0,0.0815,-1.0599,-0.5067,75.5,47.7,20.6,0.7,53.8,42.9,91,130,2.43,0.0,2.0,0,D,1,-10.0,50,12.0,8
3857265,2022,2022-11-22,18:00:00.000,Group Stage,Stadium 974,Chris Beath,Mexico,Poland,1,0,0,11,4,4,3,11,0,0,5,3,3,0.5291,1.1379,544,437,107,21.25,83,49,423,396,46,102,0,21,6,15,7,21,1,14,14,0,2,0,0,2,21,8,18,49,22,8,21,17,21,38,96,9,0,13,14,1,0,0,0,58.4,93,3,2,36.4,0.0,0.0481,-0.5291,-0.6088,80.3,59.0,15.3,3.9,36.4,44.7,69,96,1.81,0.0,3.4,0,D,1,8.4,49,9.0,1
3857265,2022,2022-11-22,18:00:00.000,Group Stage,Stadium 974,Chris Beath,Poland,Mexico,0,0,0,6,2,2,2,5,0,1,3,1,2,1.1379,0.5291,362,259,103,24.24,79,40,254,176,50,136,1,3,5,16,9,23,1,15,14,1,1,0,0,0,28,8,27,49,14,7,17,21,17,38,135,14,0,17,14,4,1,4,2,41.6,87,3,2,33.3,0.0,0.1896,-1.1379,0.6088,71.5,50.6,21.8,0.8,50.0,55.3,77,135,1.58,0.0,2.5,0,D,1,-8.4,53,14.6,11
3857279,2022,2022-11-22,21:00:00.000,Group Stage,Al Janoub Stadium   ,Victor Miguel de Freitas Gomes,France,Australia,1,4,1,23,6,9,8,23,0,0,9,7,7,3.1705,0.3233,763,680,83,19.71,100,75,635,632,39,92,6,25,8,11,8,17,2,4,14,0,0,0,0,0,11,11,13,44,18,11,10,16,10,26,83,19,0,6,14,0,0,1,0,61.6,74,5,3,26.1,17.4,0.1378,0.8295,2.8472,89.1,75.0,13.1,3.3,61.1,61.5,53,83,2.2,0.0,0.4,3,W,0,11.6,44,5.8,1
3857279,2022,2022-11-22,21:00:00.000,Group Stage,Al Janoub Stadium   ,Victor Miguel de Freitas Gomes,Australia,France,0,1,4,4,1,3,0,4,0,0,2,1,1,0.3233,3.1705,475,394,81,21.03,58,27,383,358,41,76,0,6,1,4,10,22,5,14,4,0,3,0,0,0,21,11,24,46,13,9,16,10,16,26,105,9,0,15,13,2,0,0,1,38.4,70,5,3,25.0,25.0,0.0808,0.6767,-2.8472,82.9,46.6,12.2,1.3,69.2,38.5,69,105,1.64,0.0,4.4,-3,L,0,-11.6,37,7.8,3
3857300,2022,2022-11-22,12:00:00.000,Group Stage,Lusail Stadium,Slavko Vinčić,Argentina,Saudi Arabia,1,1,2,15,6,6,3,13,1,1,4,4,6,2.4916,0.1535,646,542,104,21.43,116,83,485,503,60,83,12,20,9,20,3,24,3,7,22,1,0,0,0,10,18,11,19,44,13,5,10,19,10,29,107,13,0,15,8,0,0,1,0,68.3,95,4,9,40.0,6.7,0.1661,-1.4916,2.3381,83.9,71.6,18.0,3.1,38.5,65.5,61,107,1.91,0.0,0.7,-1,L,0,18.3,56,8.7,1
3857300,2022,2022-11-22,12:00:00.000,Group Stage,Lusail Stadium,Slavko Vinčić,Saudi Arabia,Argentina,0,2,1,3,2,0,1,3,0,0,1,2,0,0.1535,2.4916,286,197,89,22.38,59,28,201,170,34,82,0,5,2,17,9,13,2,22,6,0,6,0,0,1,29,21,13,49,19,6,19,10,19,29,141,14,0,4,20,5,1,2,1,31.7,74,5,9,66.7,66.7,0.0512,1.8465,-2.3381,68.9,47.5,20.6,1.7,31.6,34.5,82,141,2.04,0.0,8.2,1,W,0,-18.3,41,14.3,9
3857268,2022,2022-11-23,21:00:00.000,Group Stage,Ahmad bin Ali Stadium,Janny Sikazwe,Belgium,Canada,1,1,0,9,3,3,3,9,0,0,7,1,1,0.67,2.5462,534,451,83,22.8,94,59,404,408,43,83,10,5,4,15,18,16,1,11,15,1,3,0,0,0,30,9,31,39,18,8,11,11,11,22,83,11,0,8,17,2,0,0,1,49.6,84,4,3,33.3,11.1,0.0744,0.33,-1.8762,84.5,62.8,17.6,0.9,44.4,50.0,88,83,1.56,0.0,4.1,1,W,1,-0.4,53,9.9,3
3857268,2022,2022-11-23,21:00:00.000,Group Stage,Ahmad bin Ali Stadium,Janny Sikazwe,Canada,Belgium,0,0,1,22,3,11,8,21,0,1,11,6,5,2.5462,0.67,480,401,79,21.03,84,56,355,312,73,95,0,16,4,10,7,28,2,15,10,0,2,0,0,0,10,12,17,50,11,5,11,11,11,22,112,16,0,9,18,2,0,0,1,50.4,85,5,3,13.6,0.0,0.1157,-2.5462,1.8762,83.5,66.7,17.5,3.3,45.5,50.0,50,112,1.85,0.0,3.5,-1,L,0,0.4,49,10.2,3
3857277,2022,2022-11-23,12:00:00.000,Group Stage,Al Bayt Stadium,Fernando Andrés Rapallini,Morocco,Croatia,1,0,0,8,2,0,6,7,1,0,2,5,1,0.3626,0.8499,384,301,83,21.94,67,35,288,265,41,78,0,3,0,11,6,22,1,18,12,1,1,0,0,0,22,15,23,55,23,12,13,20,13,33,168,14,0,11,13,1,1,2,1,37.4,75,4,6,25.0,0.0,0.0453,-0.3626,-0.4873,78.4,52.2,17.4,0.8,52.2,60.6,83,168,2.29,0.0,2.8,0,D,1,-12.6,39,10.2,5
3857277,2022,2022-11-23,12:00:00.000,Group Stage,Al Bayt Stadium,Fernando Andrés Rapallini,Croatia,Morocco,0,0,0,5,1,2,2,5,0,0,2,3,0,0.8499,0.3626,686,577,109,19.41,95,65,549,533,76,77,2,10,5,15,5,28,1,12,17,0,0,0,0,1,9,12,18,43,17,11,20,13,20,33,107,12,0,17,10,2,0,1,0,62.6,92,4,6,20.0,0.0,0.17,-0.8499,0.4873,84.1,68.4,13.8,1.5,64.7,39.4,56,107,1.59,0.0,1.2,0,D,1,12.6,53,7.7,3
3857284,2022,2022-11-23,15:00:00.000,Group Stage,Sheikh Khalifa International Stadium,Ivan Arcides Barton Cisneros,Germany,Japan,1,1,2,26,9,11,6,25,0,1,18,4,4,2.768,1.2493,826,723,103,19.8,105,76,670,642,76,108,2,19,6,17,8,33,3,7,13,0,0,0,0,2,8,3,23,56,11,7,18,22,18,40,86,14,0,17,13,2,0,0,3,74.7,101,5,2,34.6,3.8,0.1065,-1.768,1.5187,87.5,72.4,12.7,2.3,63.6,55.0,45,86,1.87,0.0,0.7,-1,L,0,24.7,64,7.7,5
3857284,2022,2022-11-23,15:00:00.000,Group Stage,Sheikh Khalifa International Stadium,Ivan Arcides Barton Cisneros,Japan,Germany,0,2,1,12,4,4,4,12,0,0,5,4,3,1.2493,2.768,294,215,79,23.48,64,27,206,178,43,73,3,5,6,10,10,12,2,15,7,2,0,0,0,4,41,8,30,28,26,14,22,18,22,40,184,10,0,6,12,8,3,0,0,25.3,76,5,2,33.3,16.7,0.1041,0.7507,-1.5187,73.1,42.2,21.8,1.7,53.8,45.0,105,184,1.56,0.0,1.5,1,W,0,-24.7,38,12.9,11
3857291,2022,2022-11-23,18:00:00.000,Group Stage,Al Thumama Stadium,Mohammed Abdulla Hassan Mohamed,Spain,Costa Rica,1,7,0,17,8,7,2,15,1,1,9,7,1,2.7619,0.0,1090,1009,81,18.85,103,84,945,953,60,77,3,13,5,17,0,24,1,8,13,1,0,0,0,3,5,7,14,45,15,10,14,14,14,28,80,20,0,14,13,0,0,1,1,81.9,83,5,0,47.1,41.2,0.1625,4.2381,2.7619,92.6,81.6,9.4,1.2,66.7,50.0,41,80,1.67,0.0,0.8,7,W,1,31.9,46,4.2,2
3857291,2022,2022-11-23,18:00:00.000,Group Stage,Al Thumama Stadium,Mohammed Abdulla Hassan Mohamed,Costa Rica,Spain,0,0,7,0,0,0,0,0,0,0,0,0,0,0.0,2.7619,250,172,78,24.68,58,27,163,151,21,78,2,5,0,11,10,13,8,14,7,1,2,0,0,6,21,9,20,29,24,16,14,14,14,28,149,5,0,14,15,1,2,0,2,18.1,61,5,0,0.0,0.0,0.0,0.0,-2.7619,68.8,46.6,23.2,2.0,66.7,50.0,74,149,1.0,0.0,3.4,-7,L,0,-31.9,34,13.6,5
3857258,2022,2022-11-24,21:00:00.000,Group Stage,Lusail Stadium,Alireza Faghani,Brazil,Serbia,1,2,0,23,9,9,5,21,1,0,15,7,1,2.1239,0.1633,618,539,79,18.81,63,38,515,516,43,59,3,16,5,10,6,24,1,8,11,1,0,0,0,1,22,8,16,56,18,9,21,14,21,35,102,22,0,10,17,0,1,1,0,59.8,91,5,1,39.1,8.7,0.0923,-0.1239,1.9606,87.2,60.3,10.2,2.6,50.0,40.0,64,102,2.07,0.0,0.8,2,W,1,9.8,45,7.3,2
3857258,2022,2022-11-24,21:00:00.000,Group Stage,Lusail Stadium,Alireza Faghani,Serbia,Brazil,0,0,2,5,0,3,2,5,0,0,3,0,2,0.1633,2.1239,446,351,95,21.97,81,47,338,290,63,93,0,8,4,8,10,15,3,11,7,0,3,0,0,0,19,11,19,36,19,10,14,21,14,35,147,10,0,12,13,7,0,1,1,40.2,80,5,1,0.0,0.0,0.0327,-0.1633,-1.9606,78.7,58.0,18.2,1.8,52.6,60.0,68,147,1.44,0.0,4.1,-2,L,0,-9.8,37,8.3,9
3857287,2022,2022-11-24,15:00:00.000,Group Stage,Education City Stadium ,Clément Turpin,Uruguay,South Korea,1,0,0,10,1,7,2,10,0,0,5,1,4,0.4173,0.493,570,475,95,22.89,106,80,433,402,62,106,0,13,4,10,8,22,1,7,11,0,1,0,0,1,31,17,20,37,15,12,25,31,25,56,102,14,0,7,15,0,1,1,1,53.9,78,4,0,10.0,0.0,0.0417,-0.4173,-0.0757,83.3,75.5,18.6,2.3,80.0,55.4,83,102,1.68,0.0,1.7,0,D,1,3.9,44,7.7,3
3857287,2022,2022-11-24,15:00:00.000,Group Stage,Education City Stadium ,Clément Turpin,South Korea,Uruguay,0,0,0,7,0,6,1,7,0,0,2,4,0,0.493,0.4173,463,351,112,22.08,78,40,354,287,70,106,1,7,3,8,9,28,1,11,7,0,1,0,0,0,20,13,11,42,16,10,31,25,31,56,103,13,0,7,12,1,1,1,2,46.1,87,3,0,0.0,0.0,0.0704,-0.493,0.0757,75.8,51.3,16.8,1.5,62.5,44.6,60,103,2.21,0.0,2.1,0,D,1,-3.9,48,10.4,5
3857290,2022,2022-11-24,12:00:00.000,Group Stage,Al Janoub Stadium   ,Facundo Tello Figueroa,Switzerland,Cameroon,1,1,0,7,3,3,1,7,0,0,2,3,2,1.4265,0.6131,549,461,88,20.12,72,40,447,422,48,79,8,13,11,11,6,16,1,14,10,1,2,0,0,2,28,8,8,33,14,7,15,23,15,38,143,2,0,10,13,5,1,2,2,49.5,89,5,4,42.9,14.3,0.2038,-0.4265,0.8134,84.0,55.6,13.1,2.4,50.0,60.5,58,143,1.43,0.0,3.4,1,W,1,-0.5,44,8.0,10
3857290,2022,2022-11-24,12:00:00.000,Group Stage,Al Janoub Stadium   ,Facundo Tello Figueroa,Cameroon,Switzerland,0,0,1,8,5,2,1,8,0,0,5,1,2,0.6131,1.4265,533,440,93,22.55,103,56,402,372,51,110,1,14,5,14,9,12,2,10,13,0,1,0,0,2,19,15,15,52,10,5,23,15,23,38,145,11,0,13,13,2,0,0,2,50.5,95,4,4,62.5,0.0,0.0766,-0.6131,-0.8134,82.6,54.4,19.3,2.6,50.0,39.5,59,145,2.0,0.0,2.0,-1,L,0,0.5,40,7.5,4
3857298,2022,2022-11-24,18:00:00.000,Group Stage,Stadium 974,Ismail Elfath,Portugal,Ghana,1,3,2,11,5,3,3,10,0,1,8,2,1,2.0969,0.78,665,576,89,19.14,84,59,553,539,46,80,4,13,3,19,6,9,3,15,20,0,2,0,0,1,18,3,12,39,22,16,9,27,9,36,110,11,0,14,10,1,0,2,2,59.9,94,5,1,45.5,27.3,0.1906,0.9031,1.3169,86.6,70.2,12.6,2.0,72.7,75.0,55,110,1.62,0.0,3.5,1,W,0,9.9,37,5.6,5
3857298,2022,2022-11-24,18:00:00.000,Group Stage,Stadium 974,Ismail Elfath,Ghana,Portugal,0,2,3,9,3,5,1,9,0,0,4,3,2,0.78,2.0969,415,336,79,20.41,64,29,321,297,45,73,1,7,3,15,12,11,4,20,15,0,4,0,0,1,13,12,16,46,20,14,27,9,27,36,140,15,0,19,11,2,1,1,0,40.1,92,5,1,33.3,22.2,0.0867,1.22,-1.3169,81.0,45.3,15.4,1.7,70.0,25.0,61,140,1.53,0.0,6.0,-1,L,0,-9.9,41,9.9,4
3857272,2022,2022-11-25,21:00:00.000,Group Stage,Al Bayt Stadium,Jesús Valenzuela Sáez,England,United States,1,0,0,8,3,4,1,8,0,0,4,1,3,0.4606,0.5143,582,500,82,22.24,104,80,450,444,56,82,0,10,3,15,7,18,1,11,15,0,0,0,0,1,20,7,21,29,9,3,10,22,10,32,103,13,0,10,9,1,1,1,0,56.0,68,3,0,37.5,0.0,0.0576,-0.4606,-0.0537,85.9,76.9,17.9,1.7,33.3,68.8,57,103,1.53,0.0,1.1,0,D,1,6.0,43,7.4,3
3857272,2022,2022-11-25,21:00:00.000,Group Stage,Al Bayt Stadium,Jesús Valenzuela Sáez,United States,England,0,0,0,10,1,5,4,10,0,0,5,3,2,0.5143,0.4606,456,377,79,21.59,71,38,362,340,39,77,0,8,7,10,3,16,1,16,11,1,0,0,0,0,16,4,23,38,14,8,22,10,22,32,157,10,0,7,13,3,0,5,0,44.0,91,4,0,10.0,0.0,0.0514,-0.5143,0.0537,82.7,53.5,15.6,1.8,57.1,31.2,57,157,1.9,0.0,1.6,0,D,1,-6.0,36,7.9,8
3857273,2022,2022-11-25,12:00:00.000,Group Stage,Ahmad bin Ali Stadium,Mario Alberto Escobar Toca,Wales,Iran,1,0,2,10,3,4,2,10,0,0,6,3,1,0.6156,1.454,559,438,121,22.34,103,63,418,353,74,132,5,13,2,12,8,30,3,9,10,0,1,1,0,2,35,10,26,63,9,3,17,23,17,40,90,17,0,11,18,4,2,1,1,64.8,109,4,4,30.0,0.0,0.0616,-0.6156,-0.8384,78.4,61.2,18.4,2.3,33.3,57.5,80,90,2.17,0.0,4.9,-2,L,0,14.8,52,9.3,8
3857273,2022,2022-11-25,12:00:00.000,Group Stage,Ahmad bin Ali Stadium,Mario Alberto Escobar Toca,Iran,Wales,0,2,0,21,6,5,10,21,0,0,15,4,2,1.454,0.6156,363,227,136,24.54,93,39,246,163,62,138,4,19,7,11,8,18,1,10,9,0,2,0,0,2,16,15,20,57,21,11,23,17,23,40,161,10,0,5,10,3,1,2,0,35.2,82,5,4,28.6,9.5,0.0692,0.546,0.8384,62.5,41.9,25.6,5.2,52.4,42.5,72,161,3.8,0.0,3.0,2,W,1,-14.8,44,12.1,6
3857274,2022,2022-11-25,18:00:00.000,Group Stage,Sheikh Khalifa International Stadium,Mustapha Ghorbal,Netherlands,Ecuador,1,1,1,2,1,1,0,2,0,0,0,2,0,0.1045,1.6511,552,457,95,20.02,78,47,439,445,45,62,1,3,2,15,7,22,2,16,12,2,0,0,0,1,24,5,25,35,25,11,24,24,24,48,135,8,0,17,16,3,0,2,1,50.5,81,4,2,50.0,50.0,0.0522,0.8955,-1.5466,82.8,60.3,14.1,0.5,44.0,50.0,79,135,1.06,0.0,1.6,0,D,0,0.5,46,8.3,6
3857274,2022,2022-11-25,18:00:00.000,Group Stage,Sheikh Khalifa International Stadium,Mustapha Ghorbal,Ecuador,Netherlands,0,1,1,15,4,5,6,15,0,0,7,6,2,1.6511,0.1045,463,359,104,20.46,82,34,342,300,68,95,0,12,5,16,5,29,2,13,14,1,1,0,0,2,18,15,20,56,21,13,24,24,24,48,170,15,0,14,18,0,0,0,1,49.5,91,3,2,26.7,6.7,0.1101,-0.6511,1.5466,77.5,41.5,17.7,2.6,61.9,50.0,74,170,1.75,0.0,2.3,0,D,0,-0.5,55,11.9,1
3857301,2022,2022-11-25,15:00:00.000,Group Stage,Al Thumama Stadium,Antonio Miguel Mateu Lahoz,Qatar,Senegal,1,1,3,10,3,4,3,10,0,0,3,4,2,0.9601,0.903,452,362,90,23.63,101,59,305,289,51,112,1,13,6,15,12,20,4,11,13,1,3,0,0,3,24,10,16,41,21,7,13,13,13,26,149,5,0,9,18,1,1,1,1,43.9,95,4,3,30.0,10.0,0.096,0.0399,0.0571,80.1,58.4,22.3,2.9,33.3,50.0,71,149,1.52,0.0,4.1,-2,L,0,-6.1,53,11.7,4
3857301,2022,2022-11-25,15:00:00.000,Group Stage,Al Thumama Stadium,Antonio Miguel Mateu Lahoz,Senegal,Qatar,0,3,1,12,4,6,2,12,0,0,7,2,3,0.903,0.9601,547,462,85,22.53,105,72,409,396,52,99,0,12,6,11,8,22,2,13,10,0,3,0,0,2,19,6,14,50,10,6,13,13,13,26,137,17,0,15,14,2,0,1,3,56.1,84,5,3,33.3,25.0,0.0752,2.097,-0.0571,84.5,68.6,19.2,2.2,60.0,50.0,49,137,1.72,0.0,4.3,2,W,0,6.1,47,8.6,6
3857266,2022,2022-11-26,18:00:00.000,Group Stage,Stadium 974,Szymon Marciniak,France,Denmark,1,2,1,21,6,7,8,21,0,0,7,6,7,1.9336,0.8885,540,464,76,21.2,93,59,415,401,44,95,2,18,6,10,11,22,2,4,11,0,1,0,0,1,17,15,19,38,22,11,19,20,19,39,109,25,0,12,10,1,0,2,0,50.9,82,4,1,28.6,9.5,0.0921,0.0664,1.0451,85.9,63.4,17.2,3.3,50.0,51.3,73,109,1.73,0.0,1.4,1,W,0,0.9,49,9.1,3
3857266,2022,2022-11-26,18:00:00.000,Group Stage,Stadium 974,Szymon Marciniak,Denmark,France,0,1,2,10,2,6,2,10,0,0,6,2,2,0.8885,1.9336,567,479,88,19.04,71,44,462,428,64,75,2,9,4,5,6,22,3,11,4,0,2,0,0,1,17,11,14,36,21,11,20,19,20,39,126,15,0,14,8,4,1,1,2,49.1,78,4,1,20.0,10.0,0.0888,0.1115,-1.0451,84.5,62.0,12.5,1.6,52.4,48.7,63,126,1.64,0.0,3.1,-1,L,0,-0.9,37,6.5,8
3857288,2022,2022-11-26,12:00:00.000,Group Stage,Al Janoub Stadium   ,Daniel Siebert,Tunisia,Australia,1,0,1,14,4,4,6,14,0,0,10,3,1,1.0522,0.359,548,406,142,22.55,105,53,394,335,78,135,3,16,5,15,5,39,2,15,14,3,3,0,0,3,35,8,27,73,18,4,35,31,35,66,121,17,0,14,16,1,0,0,1,58.5,106,4,8,28.6,0.0,0.0752,-1.0522,0.6932,74.1,50.5,19.2,2.9,22.2,47.0,88,121,2.43,0.0,4.5,-1,L,0,8.5,64,11.7,2
3857288,2022,2022-11-26,12:00:00.000,Group Stage,Al Janoub Stadium   ,Daniel Siebert,Australia,Tunisia,0,1,0,9,2,4,3,9,0,0,4,1,4,0.359,1.0522,404,274,130,24.46,101,48,280,187,64,153,0,15,2,18,8,21,1,16,12,2,0,0,0,0,34,11,35,45,22,11,31,35,31,66,127,10,0,12,12,4,2,1,1,41.5,90,5,7,22.2,11.1,0.0399,0.641,-0.6932,67.8,47.5,25.0,3.7,50.0,53.0,102,127,1.88,0.0,1.6,1,W,1,-8.5,49,12.1,8
3857289,2022,2022-11-26,21:00:00.000,Group Stage,Lusail Stadium,Daniele Orsato,Argentina,Mexico,1,2,0,5,2,3,0,4,1,0,2,2,1,0.3252,0.2064,567,476,91,19.61,69,39,450,447,55,65,0,11,4,22,6,21,1,15,20,1,1,0,0,2,20,5,17,34,18,10,20,20,20,40,109,18,0,12,14,1,0,3,0,59.6,83,5,5,40.0,40.0,0.065,1.6748,0.1188,84.0,56.5,12.2,1.9,55.6,50.0,60,109,1.31,0.0,2.5,2,W,1,9.6,53,9.3,4
3857289,2022,2022-11-26,21:00:00.000,Group Stage,Lusail Stadium,Daniele Orsato,Mexico,Argentina,0,0,2,4,1,2,1,3,1,0,3,1,0,0.2064,0.3252,403,304,99,22.82,79,40,289,265,50,88,0,11,2,16,8,19,3,21,14,1,4,0,0,4,15,16,10,34,19,9,20,20,20,40,147,11,0,11,9,0,1,0,0,40.4,73,4,4,25.0,0.0,0.0516,-0.2064,-0.1188,75.4,50.6,19.6,2.7,47.4,50.0,60,147,1.7,0.0,6.1,-2,L,0,-9.6,45,11.2,1
3857297,2022,2022-11-26,15:00:00.000,Group Stage,Education City Stadium ,Wilton Pereira Sampaio,Poland,Saudi Arabia,1,2,0,9,3,4,2,9,0,0,4,1,3,1.7342,1.972,337,259,78,24.36,82,48,224,198,34,105,1,11,4,15,18,21,1,18,15,1,3,0,0,0,29,12,17,32,12,4,19,21,19,40,103,7,0,14,12,4,0,0,0,37.1,88,2,1,33.3,22.2,0.1927,0.2658,-0.2378,76.9,58.5,24.3,3.3,33.3,52.5,70,103,1.23,0.0,4.8,2,W,1,-12.9,58,17.2,4
3857297,2022,2022-11-26,15:00:00.000,Group Stage,Education City Stadium ,Wilton Pereira Sampaio,Saudi Arabia,Poland,0,0,2,17,5,9,3,15,1,1,11,4,2,1.972,1.7342,582,489,93,20.11,90,62,457,427,71,84,1,14,5,16,7,20,3,16,17,1,2,0,0,0,17,5,17,52,17,7,21,19,21,40,123,16,0,10,18,1,1,1,3,62.9,95,5,1,29.4,0.0,0.116,-1.972,0.2378,84.0,68.9,15.5,2.4,41.2,47.5,56,123,1.86,0.0,3.6,-2,L,0,12.9,48,8.2,6
3857263,2022,2022-11-27,21:00:00.000,Group Stage,Al Bayt Stadium,Danny Desmond Makkelie,Spain,Germany,1,1,1,7,2,2,2,7,0,0,5,2,0,0.6395,1.147,663,578,85,19.75,73,57,543,510,81,72,4,8,6,16,10,22,2,14,15,1,1,0,0,2,16,12,15,38,15,12,7,11,7,18,124,18,0,17,21,3,0,2,2,61.1,97,4,2,28.6,14.3,0.0914,0.3605,-0.5075,87.2,78.1,11.0,1.2,80.0,61.1,58,124,1.0,0.0,2.4,0,D,0,11.1,54,8.1,7
3857263,2022,2022-11-27,21:00:00.000,Group Stage,Al Bayt Stadium,Danny Desmond Makkelie,Germany,Spain,0,1,1,11,4,4,3,10,1,0,9,1,1,1.147,0.6395,371,291,80,21.58,72,37,275,255,39,77,6,8,5,14,5,15,2,15,13,0,3,0,0,5,15,19,21,45,29,16,11,7,11,18,158,24,0,10,12,1,0,1,1,38.9,92,5,2,36.4,9.1,0.1043,-0.147,0.5075,78.4,51.4,19.4,2.2,55.2,38.9,84,158,2.05,0.0,4.5,0,D,0,-11.1,39,10.5,3
3857281,2022,2022-11-27,18:00:00.000,Group Stage,Sheikh Khalifa International Stadium,Andrés Matonte,Croatia,Canada,1,4,1,13,10,3,0,13,0,0,5,8,0,2.6102,0.2868,507,411,96,20.56,79,45,391,347,77,83,3,21,5,8,3,32,2,15,5,0,2,0,0,1,18,17,16,40,26,14,19,10,19,29,166,13,0,6,16,1,0,1,0,48.1,91,5,1,76.9,30.8,0.2008,1.3898,2.3234,81.1,57.0,15.6,4.1,53.8,34.5,77,166,1.82,0.0,3.5,3,W,0,-1.9,48,9.5,2
3857281,2022,2022-11-27,18:00:00.000,Group Stage,Sheikh Khalifa International Stadium,Andrés Matonte,Canada,Croatia,0,1,4,8,2,3,3,7,1,0,6,1,1,0.2868,2.6102,529,437,92,22.57,109,75,384,380,63,86,4,12,2,13,3,25,5,6,15,0,2,0,0,3,29,10,19,57,12,5,10,19,10,29,133,33,0,14,14,6,2,1,2,51.9,114,5,1,25.0,12.5,0.0358,0.7132,-2.3234,82.6,68.8,20.6,2.3,41.7,65.5,70,133,2.04,0.0,2.6,-3,L,0,1.9,43,8.1,11
3857283,2022,2022-11-27,15:00:00.000,Group Stage,Al Thumama Stadium,César Arturo Ramos Palazuelos,Belgium,Morocco,1,0,2,10,4,4,2,9,1,0,5,2,3,0.6426,0.9911,703,604,99,19.9,78,53,583,559,74,70,1,8,9,16,10,18,3,10,16,1,1,0,0,2,6,2,3,41,20,12,13,15,13,28,107,14,0,13,13,2,0,0,0,65.9,93,5,4,40.0,0.0,0.0643,-0.6426,-0.3485,85.9,67.9,11.1,1.1,60.0,53.6,31,107,1.58,0.0,2.0,-2,L,0,15.9,53,7.5,2
3857283,2022,2022-11-27,15:00:00.000,Group Stage,Al Thumama Stadium,César Arturo Ramos Palazuelos,Morocco,Belgium,0,2,0,10,4,6,0,10,0,0,6,3,0,0.9911,0.6426,347,287,60,22.72,73,46,249,245,23,79,3,9,1,13,13,8,1,16,9,0,1,0,0,2,22,8,26,35,20,8,15,13,15,28,161,17,0,11,10,4,1,0,1,34.1,67,5,4,40.0,20.0,0.0991,1.0089,0.3485,82.7,63.0,21.0,2.6,40.0,46.4,76,161,1.67,0.0,2.6,2,W,1,-15.9,35,10.1,6
3857295,2022,2022-11-27,12:00:00.000,Group Stage,Ahmad bin Ali Stadium,Michael Oliver,Japan,Costa Rica,1,0,1,13,3,3,7,11,2,0,9,3,1,0.7735,0.1994,619,527,92,19.75,77,45,514,494,49,76,0,10,5,9,4,19,2,24,13,1,3,0,0,0,9,8,13,47,14,8,12,15,12,27,146,19,0,15,16,0,0,1,0,55.9,82,5,5,23.1,0.0,0.0595,-0.7735,0.5741,85.1,58.4,12.4,1.6,57.1,55.6,44,146,1.52,0.0,5.4,-1,L,0,5.9,37,6.0,1
3857295,2022,2022-11-27,12:00:00.000,Group Stage,Ahmad bin Ali Stadium,Michael Oliver,Costa Rica,Japan,0,1,0,4,1,2,1,4,0,0,0,4,0,0.1994,0.7735,470,374,96,22.4,87,45,353,354,30,86,1,3,0,22,11,15,1,13,23,0,3,0,0,2,23,12,22,56,22,13,15,12,15,27,161,16,0,11,9,3,0,0,3,44.1,88,4,6,25.0,25.0,0.0498,0.8006,-0.5741,79.6,51.7,18.5,0.6,59.1,44.4,79,161,2.8,0.0,4.3,1,W,1,-5.9,48,10.2,6
3857259,2022,2022-11-28,12:00:00.000,Group Stage,Al Janoub Stadium   ,Mohamed Abdulla Hassan Mohd,Cameroon,Serbia,1,3,3,13,8,2,3,12,1,0,9,3,1,2.0703,1.7381,395,276,119,24.77,97,41,259,220,66,109,1,13,4,16,9,23,4,9,15,0,2,0,0,0,23,20,15,51,8,2,23,20,23,43,118,20,0,8,2,2,2,3,0,43.8,93,5,3,61.5,23.1,0.1593,0.9297,0.3322,69.9,42.3,24.6,3.3,25.0,46.5,66,118,5.1,0.0,2.9,0,D,0,-6.2,52,13.2,7
3857259,2022,2022-11-28,12:00:00.000,Group Stage,Al Janoub Stadium   ,Mohamed Abdulla Hassan Mohd,Serbia,Cameroon,0,3,3,15,5,8,2,15,0,0,9,3,3,1.7381,2.0703,536,428,108,20.77,79,38,431,377,65,94,3,19,3,8,4,20,4,16,9,1,2,0,0,3,33,9,24,50,17,12,20,23,20,43,119,7,0,6,16,5,0,1,1,56.2,102,5,3,33.3,20.0,0.1159,1.2619,-0.3322,79.9,48.1,14.7,3.5,70.6,53.5,83,119,2.27,0.0,3.6,0,D,0,6.2,35,6.5,7
3857269,2022,2022-11-28,18:00:00.000,Group Stage,Stadium 974,Ivan Arcides Barton Cisneros,Brazil,Switzerland,1,1,0,13,5,3,5,13,0,0,6,3,4,0.9227,0.2886,597,507,90,18.54,63,36,492,462,62,73,0,18,8,18,2,24,1,10,18,0,1,0,0,2,11,14,17,55,22,15,10,13,10,23,104,13,0,13,14,0,1,0,1,55.7,90,5,1,38.5,7.7,0.071,0.0773,0.6341,84.9,57.1,10.6,3.0,68.2,56.5,64,104,2.04,0.0,2.0,1,W,1,5.7,52,8.7,2
3857269,2022,2022-11-28,18:00:00.000,Group Stage,Stadium 974,Ivan Arcides Barton Cisneros,Switzerland,Brazil,0,0,1,6,0,2,4,6,0,0,5,0,1,0.2886,0.9227,513,428,85,18.92,57,29,417,399,46,68,0,5,3,13,10,18,2,18,10,0,1,0,0,1,27,8,14,41,20,11,13,10,13,23,112,9,0,15,8,4,1,1,0,44.3,78,5,1,0.0,0.0,0.0481,-0.2886,-0.6341,83.4,50.9,11.1,1.0,55.0,43.5,69,112,1.78,0.0,2.8,-1,L,0,-5.7,44,8.6,6
3857270,2022,2022-11-28,21:00:00.000,Group Stage,Lusail Stadium,Alireza Faghani,Portugal,Uruguay,1,2,0,15,3,6,6,13,1,1,13,2,0,1.2137,1.2167,626,525,101,20.13,93,56,500,475,60,91,3,9,6,14,8,19,1,11,13,1,3,0,0,3,31,7,22,48,8,4,18,17,18,35,86,14,0,7,11,3,0,0,1,61.8,97,5,0,20.0,13.3,0.0809,0.7863,-0.003,83.9,60.2,14.9,1.4,50.0,48.6,68,86,2.67,0.0,4.1,2,W,1,11.8,47,7.5,4
3857270,2022,2022-11-28,21:00:00.000,Group Stage,Lusail Stadium,Alireza Faghani,Uruguay,Portugal,0,0,2,11,3,7,1,11,0,0,7,2,2,1.2167,1.2137,438,324,114,21.07,67,31,331,270,60,108,0,12,2,13,11,18,3,16,10,3,2,0,0,0,12,9,27,37,14,8,17,18,17,35,125,6,0,7,16,1,0,0,0,38.2,81,5,0,27.3,0.0,0.1106,-1.2167,0.003,74.0,46.3,15.3,2.7,57.1,51.4,62,125,1.61,0.0,3.6,-2,L,0,-11.8,44,10.0,1
3857299,2022,2022-11-28,15:00:00.000,Group Stage,Education City Stadium ,Anthony Taylor,South Korea,Ghana,1,2,3,21,6,5,10,20,1,0,5,9,7,1.3678,1.1805,605,499,106,22.89,128,90,441,390,88,127,0,28,12,9,3,23,4,15,10,0,2,0,0,1,17,5,15,59,12,6,23,25,23,48,126,7,0,16,9,0,0,0,0,64.0,84,4,2,28.6,9.5,0.0651,0.6322,0.1873,82.5,70.3,21.2,4.6,50.0,52.1,49,126,2.36,0.0,3.5,-1,L,0,14.0,47,7.8,0
3857299,2022,2022-11-28,15:00:00.000,Group Stage,Education City Stadium ,Anthony Taylor,Ghana,South Korea,0,3,2,7,3,4,0,7,0,0,2,3,2,1.1805,1.3678,340,266,74,22.53,68,30,240,240,27,73,1,9,5,14,10,13,3,10,15,0,2,0,0,1,56,9,30,42,20,12,25,23,25,48,126,14,0,5,9,4,0,0,2,36.0,73,5,2,42.9,42.9,0.1686,1.8195,-0.1873,78.2,44.1,20.0,2.6,60.0,47.9,115,126,3.0,0.0,3.0,1,W,0,-14.0,42,12.4,6
3857261,2022,2022-11-29,21:00:00.000,Group Stage,Ahmad bin Ali Stadium,Slavko Vinčić,Wales,England,1,0,3,7,1,3,3,6,1,0,5,2,0,0.208,2.9155,351,274,77,23.36,75,40,252,236,36,79,0,4,1,9,7,18,4,19,11,2,2,0,0,1,14,4,22,25,14,9,20,14,20,34,136,6,0,2,7,4,0,1,0,33.5,75,5,1,14.3,0.0,0.0297,-0.208,-2.7075,78.1,53.3,21.4,1.1,64.3,41.2,54,136,2.78,0.0,3.9,-3,L,0,-16.5,35,10.0,5
3857261,2022,2022-11-29,21:00:00.000,Group Stage,Ahmad bin Ali Stadium,Slavko Vinčić,England,Wales,0,3,0,18,7,7,4,17,1,0,7,9,2,2.9155,0.208,630,553,77,18.65,65,44,534,493,58,79,4,8,6,16,4,16,1,11,17,0,0,0,0,1,9,9,13,35,6,6,14,20,14,34,74,18,0,6,9,1,0,0,0,66.5,82,5,1,38.9,16.7,0.162,0.0845,2.7075,87.8,67.7,10.3,1.3,100.0,58.8,37,74,2.33,0.0,1.1,3,W,1,16.5,42,6.7,1
3857267,2022,2022-11-29,17:00:00.000,Group Stage,Sheikh Khalifa International Stadium,Clément Turpin,Ecuador,Senegal,1,1,2,9,4,3,2,8,1,0,4,1,4,1.0017,1.7075,465,362,103,24.4,101,56,334,326,47,92,0,9,3,12,10,23,3,23,8,1,0,0,0,0,29,9,19,41,17,11,22,20,22,42,113,7,0,9,25,1,3,0,1,57.7,92,4,0,44.4,11.1,0.1113,-0.0017,-0.7058,77.8,55.4,21.7,1.9,64.7,47.6,74,113,1.21,0.0,2.3,-1,L,0,7.7,48,10.3,5
3857267,2022,2022-11-29,17:00:00.000,Group Stage,Sheikh Khalifa International Stadium,Clément Turpin,Senegal,Ecuador,0,2,1,13,3,6,4,12,0,1,8,3,2,1.7075,1.0017,311,213,98,25.36,86,32,201,164,38,109,3,12,6,22,5,18,2,10,22,2,1,0,0,2,39,7,14,58,11,4,20,22,20,42,126,20,0,10,17,3,1,0,0,42.3,89,3,0,23.1,15.4,0.1313,0.2925,0.7058,68.5,37.2,27.7,3.9,36.4,52.4,71,126,2.15,0.0,2.0,1,W,0,-7.7,51,16.4,4
3857278,2022,2022-11-29,21:00:00.000,Group Stage,Al Thumama Stadium,Antonio Miguel Mateu Lahoz,Iran,United States,1,0,1,4,1,3,0,4,0,0,1,1,2,0.9208,1.1697,515,402,113,23.56,115,67,371,342,64,109,3,14,1,11,10,20,2,21,11,3,3,0,0,2,11,11,22,45,18,10,23,27,23,50,150,12,0,8,22,4,2,0,0,45.5,105,5,1,25.0,0.0,0.2302,-0.9208,-0.2489,78.1,58.3,22.3,2.7,55.6,54.0,62,150,1.5,0.0,5.1,-1,L,0,-4.5,42,8.2,6
3857278,2022,2022-11-29,21:00:00.000,Group Stage,Al Thumama Stadium,Antonio Miguel Mateu Lahoz,United States,Iran,0,1,0,12,5,4,3,11,1,0,6,4,2,1.1697,0.9208,517,426,91,21.41,90,61,391,377,54,86,3,11,5,15,6,22,1,13,17,2,1,0,0,1,31,8,12,60,10,5,27,23,27,50,140,23,0,9,25,1,0,0,3,54.5,92,5,1,41.7,8.3,0.0975,-0.1697,0.2489,82.4,67.8,17.4,2.1,50.0,46.0,61,140,1.76,0.0,2.3,1,W,1,4.5,48,9.3,4
3857294,2022,2022-11-29,17:00:00.000,Group Stage,Al Bayt Stadium,Bakary Papa Gassama,Netherlands,Qatar,1,2,0,13,4,6,3,13,0,0,11,1,1,1.714,0.1437,832,747,85,17.44,67,51,737,726,49,57,6,7,4,8,7,13,1,19,7,1,1,0,0,4,8,4,16,33,16,9,9,13,9,22,137,5,0,11,10,3,1,0,0,61.2,191,5,4,30.8,15.4,0.1318,0.286,1.5703,89.8,76.1,8.1,0.8,56.2,59.1,44,137,1.57,0.0,2.9,2,W,1,11.2,32,3.8,4
3857294,2022,2022-11-29,17:00:00.000,Group Stage,Al Bayt Stadium,Bakary Papa Gassama,Qatar,Netherlands,0,0,2,5,3,2,0,5,0,0,5,0,0,0.1437,1.714,486,396,90,21.81,98,52,355,362,35,89,1,13,2,23,8,14,3,8,18,1,0,0,0,0,11,12,13,48,13,9,13,9,13,22,127,15,0,9,8,2,0,1,0,38.8,83,5,5,60.0,0.0,0.0287,-0.1437,-1.5703,81.5,53.1,20.2,2.7,69.2,40.9,49,127,2.82,0.0,0.8,-2,L,0,-11.2,47,9.7,3
3857257,2022,2022-11-30,17:00:00.000,Group Stage,Al Janoub Stadium   ,Mustapha Ghorbal,Australia,Denmark,1,1,0,8,4,1,3,8,0,0,3,4,1,0.4697,0.7372,350,219,131,24.17,88,37,227,137,58,155,1,6,2,13,10,32,1,12,9,1,2,0,0,1,29,11,28,39,13,6,27,35,27,62,101,16,0,4,20,4,0,1,2,31.9,88,4,1,50.0,12.5,0.0587,0.5303,-0.2675,62.6,42.0,25.1,1.7,46.2,56.5,81,101,1.62,0.0,3.2,1,W,1,-18.1,57,16.3,7
3857257,2022,2022-11-30,17:00:00.000,Group Stage,Al Janoub Stadium   ,Mustapha Ghorbal,Denmark,Australia,0,0,1,14,4,5,5,14,0,0,9,3,2,0.7372,0.4697,715,590,125,22.16,122,70,554,483,93,139,1,19,6,12,4,27,2,10,11,1,1,0,0,3,27,12,22,49,15,8,35,27,35,62,101,18,0,6,19,3,1,0,0,68.1,95,5,1,28.6,0.0,0.0527,-0.7372,0.2675,82.5,57.4,17.1,2.7,53.3,43.5,76,101,1.96,0.0,2.0,-1,L,0,18.1,49,6.9,4
3857260,2022,2022-11-30,21:00:00.000,Group Stage,Lusail Stadium,Michael Oliver,Saudi Arabia,Mexico,1,1,2,10,2,7,1,9,1,0,5,2,3,1.0761,2.3221,322,194,128,25.05,81,29,204,141,63,118,2,6,1,22,13,26,3,21,16,0,6,0,0,2,30,15,28,57,16,7,21,19,21,40,129,11,0,7,16,8,4,0,3,38.8,97,4,1,20.0,10.0,0.1076,-0.0761,-1.246,60.2,35.8,25.2,1.9,43.8,47.5,89,129,2.48,0.0,8.1,-1,L,0,-11.2,62,19.3,15
3857260,2022,2022-11-30,21:00:00.000,Group Stage,Lusail Stadium,Michael Oliver,Mexico,Saudi Arabia,0,2,1,26,10,7,9,22,4,0,12,12,2,2.3221,1.0761,488,367,121,23.39,103,56,339,297,62,129,3,16,8,18,11,23,2,18,21,2,1,0,0,6,21,15,19,64,15,11,19,21,19,40,139,12,0,14,22,1,1,0,1,61.2,110,5,1,38.5,7.7,0.0893,-0.3221,1.246,75.2,54.4,21.1,3.3,73.3,52.5,70,139,1.78,0.0,2.8,1,W,0,11.2,60,12.3,3
3857264,2022,2022-11-30,21:00:00.000,Group Stage,Stadium 974,Danny Desmond Makkelie,Poland,Argentina,1,0,2,4,0,2,2,4,0,0,1,2,1,0.1976,3.0767,337,267,70,23.26,66,35,240,220,39,78,0,3,1,12,10,16,3,9,12,0,1,0,0,0,32,10,17,24,20,10,12,12,12,24,105,7,0,11,10,10,0,0,0,26.5,67,5,0,0.0,0.0,0.0494,-0.1976,-2.8791,79.2,53.0,19.6,0.9,50.0,50.0,79,105,1.14,0.0,1.9,-2,L,0,-23.5,39,11.6,10
3857264,2022,2022-11-30,21:00:00.000,Group Stage,Stadium 974,Danny Desmond Makkelie,Argentina,Poland,0,2,0,24,13,7,4,22,0,1,9,14,0,3.0767,0.1976,909,826,83,18.16,91,74,788,766,66,77,1,19,8,5,2,18,1,12,9,0,1,0,0,0,7,7,12,53,15,10,12,12,12,24,88,17,0,15,6,0,0,0,0,73.5,65,5,0,54.2,8.3,0.1282,-1.0767,2.8791,90.9,81.3,10.0,2.1,66.7,50.0,41,88,2.52,0.0,2.2,2,W,1,23.5,33,3.6,0
3857275,2022,2022-11-30,17:00:00.000,Group Stage,Education City Stadium ,Matthew Conger,Tunisia,France,1,1,0,5,3,2,0,5,0,0,2,2,1,0.2983,0.477,361,275,86,21.33,65,28,256,231,55,75,2,15,7,8,8,30,1,16,8,0,1,0,0,3,34,13,22,54,28,14,16,13,16,29,110,7,0,26,26,3,1,0,0,35.4,88,3,4,60.0,20.0,0.0597,0.7017,-0.1787,76.2,43.1,18.0,4.2,50.0,44.8,97,110,1.04,0.0,2.6,1,W,1,-14.6,53,14.7,4
3857275,2022,2022-11-30,17:00:00.000,Group Stage,Education City Stadium ,Matthew Conger,France,Tunisia,0,0,1,10,3,3,4,9,1,0,7,2,1,0.477,0.2983,661,564,97,19.0,73,41,542,523,62,76,0,15,8,15,9,28,2,8,16,0,0,0,0,1,19,12,17,58,29,17,13,16,13,29,94,15,0,22,20,2,1,1,1,64.6,99,5,4,30.0,0.0,0.0477,-0.477,0.1787,85.3,56.2,11.0,2.3,58.6,55.2,77,94,1.38,0.0,0.8,-1,L,0,14.6,60,9.1,5
3857255,2022,2022-12-01,21:00:00.000,Group Stage,Sheikh Khalifa International Stadium,Victor Miguel de Freitas Gomes,Japan,Spain,1,2,1,6,3,2,1,6,0,0,3,1,1,1.1578,0.8577,253,177,76,21.45,44,21,192,154,37,62,0,5,0,9,5,11,2,11,8,0,3,0,0,2,22,14,26,23,15,7,12,14,12,26,229,6,0,10,11,4,0,0,0,16.8,60,5,2,50.0,33.3,0.193,0.8422,0.3001,70.0,47.7,17.4,2.0,46.7,53.8,77,229,1.1,0.0,4.1,1,W,0,-33.2,25,9.9,4
3857255,2022,2022-12-01,21:00:00.000,Group Stage,Sheikh Khalifa International Stadium,Victor Miguel de Freitas Gomes,Spain,Japan,0,1,2,12,5,2,5,12,0,0,6,4,2,0.8577,1.1578,1093,993,100,19.62,108,86,948,960,72,61,6,13,2,11,5,22,3,8,11,0,0,0,0,2,4,9,8,56,14,10,14,12,14,26,89,18,0,4,12,1,0,0,0,83.2,76,5,2,41.7,8.3,0.0715,0.1423,-0.3001,90.9,79.6,9.9,1.2,71.4,46.2,35,89,3.5,0.0,0.8,-1,L,0,33.2,40,3.7,1
3857276,2022,2022-12-01,17:00:00.000,Group Stage,Al Thumama Stadium,Raphael Claus,Canada,Morocco,1,1,2,5,0,4,1,5,0,0,1,2,2,1.0956,0.4264,562,480,82,20.48,76,47,443,448,52,62,1,9,6,18,5,23,3,16,15,0,4,0,0,4,12,10,13,52,12,8,9,15,9,24,135,26,0,17,19,0,1,0,1,61.2,91,5,1,0.0,20.0,0.2191,-0.0956,0.6692,85.4,61.8,13.5,1.6,66.7,62.5,47,135,1.44,0.0,5.6,-1,L,0,11.2,52,9.3,2
3857276,2022,2022-12-01,17:00:00.000,Group Stage,Al Thumama Stadium,Raphael Claus,Morocco,Canada,0,2,1,7,2,3,2,6,1,0,4,3,0,0.4264,1.0956,393,310,83,22.84,91,56,277,271,39,83,2,5,2,17,6,20,2,15,16,0,0,0,0,3,29,13,14,41,27,16,15,9,15,24,154,13,0,6,13,0,1,0,1,38.8,79,5,1,28.6,28.6,0.0609,1.5736,-0.6692,78.9,61.5,23.2,1.3,59.3,37.5,83,154,2.16,0.0,1.5,1,W,0,-11.2,45,11.5,2
3857292,2022,2022-12-01,21:00:00.000,Group Stage,Al Bayt Stadium,Stéphanie Frappart,Costa Rica,Germany,1,2,4,7,5,1,1,7,0,0,4,2,1,1.0347,4.3161,374,284,90,22.59,72,33,275,236,46,92,0,10,1,12,14,15,5,4,9,0,1,0,0,4,37,15,21,48,25,10,13,13,13,26,125,13,0,10,15,7,0,0,1,33.6,97,5,1,71.4,28.6,0.1478,0.9653,-3.2814,75.9,45.8,19.3,2.7,40.0,50.0,98,125,1.92,0.0,1.4,-2,L,0,-16.4,42,11.2,8
3857292,2022,2022-12-01,21:00:00.000,Group Stage,Al Bayt Stadium,Stéphanie Frappart,Germany,Costa Rica,0,4,2,31,11,15,5,31,0,0,16,9,6,4.3161,1.0347,766,669,97,19.78,103,74,637,599,89,78,8,20,14,7,2,18,3,9,4,0,0,0,0,2,8,11,16,57,15,6,13,13,13,26,140,24,0,16,9,4,1,1,0,66.4,99,5,1,35.5,12.9,0.1392,-0.3161,3.2814,87.3,71.8,13.4,2.6,40.0,50.0,50,140,2.28,0.0,0.9,2,W,0,16.4,41,5.4,6
3857296,2022,2022-12-01,17:00:00.000,Group Stage,Ahmad bin Ali Stadium,Anthony Taylor,Croatia,Belgium,1,0,0,11,4,6,1,11,0,0,4,5,2,0.695,2.3818,609,514,95,19.93,92,64,486,442,74,93,0,22,2,9,7,27,1,11,10,1,0,0,0,4,26,12,15,49,10,3,12,14,12,26,164,15,0,3,10,3,0,2,0,49.6,121,3,4,36.4,0.0,0.0632,-0.695,-1.6868,84.4,69.6,15.1,3.6,30.0,53.8,63,164,3.77,0.0,1.1,0,D,1,-0.4,45,7.4,5
3857296,2022,2022-12-01,17:00:00.000,Group Stage,Ahmad bin Ali Stadium,Anthony Taylor,Belgium,Croatia,0,0,0,16,3,7,6,16,0,0,8,4,3,2.3818,0.695,630,543,87,21.36,95,59,508,501,34,95,4,17,4,11,8,15,1,10,10,0,1,0,0,0,30,12,22,37,10,4,14,12,14,26,119,12,0,7,7,4,0,1,0,50.4,74,5,4,18.8,0.0,0.1489,-2.3818,1.6868,86.2,62.1,15.1,2.7,40.0,46.2,74,119,2.64,0.0,2.0,0,D,1,0.4,38,6.0,5
3857256,2022,2022-12-02,21:00:00.000,Group Stage,Stadium 974,Fernando Andrés Rapallini,Serbia,Switzerland,1,2,3,12,4,6,2,12,0,0,2,4,5,1.189,3.1035,521,407,114,22.0,88,53,402,354,67,100,2,15,2,14,7,23,4,21,14,1,7,0,0,0,9,5,23,52,15,5,19,20,19,39,94,6,0,10,11,4,0,2,1,56.4,101,5,0,33.3,16.7,0.0991,0.811,-1.9145,78.1,60.2,16.9,2.9,33.3,51.3,52,94,2.48,0.0,9.1,-1,L,0,6.4,46,8.8,7
3857256,2022,2022-12-02,21:00:00.000,Group Stage,Stadium 974,Fernando Andrés Rapallini,Switzerland,Serbia,0,3,2,14,7,3,4,14,0,0,7,7,0,3.1035,1.189,445,346,99,22.48,81,46,325,299,46,100,4,11,0,18,8,22,3,14,20,0,4,0,0,0,27,18,17,40,14,8,20,19,20,39,83,6,0,13,14,2,0,1,0,43.6,102,4,0,50.0,21.4,0.2217,-0.1035,1.9145,77.8,56.8,18.2,2.5,57.1,48.7,76,83,1.48,0.0,5.4,1,W,0,-6.4,48,10.8,3
3857262,2022,2022-12-02,17:00:00.000,Group Stage,Education City Stadium ,Facundo Tello Figueroa,South Korea,Portugal,1,2,1,12,6,2,4,11,1,0,4,7,1,1.399,0.9737,388,309,79,24.54,92,50,269,247,40,101,1,7,5,14,9,15,2,9,10,0,2,0,0,0,29,7,16,47,11,7,12,23,12,35,111,9,0,9,11,5,0,1,1,38.2,90,4,0,50.0,16.7,0.1166,0.601,0.4253,79.6,54.3,23.7,1.8,63.6,65.7,63,111,2.35,0.0,2.9,1,W,0,-11.8,43,11.1,7
3857262,2022,2022-12-02,17:00:00.000,Group Stage,Education City Stadium ,Facundo Tello Figueroa,Portugal,South Korea,0,1,2,13,6,3,4,13,0,0,9,3,1,0.9737,1.399,619,534,85,22.2,119,79,472,447,67,105,5,15,4,10,7,18,3,10,9,0,0,0,0,5,19,6,15,43,12,5,23,12,23,35,83,21,0,4,11,4,0,2,0,61.8,104,5,0,46.2,7.7,0.0749,0.0263,-0.4253,86.3,66.4,19.2,2.4,41.7,34.3,52,83,2.87,0.0,1.0,-1,L,0,11.8,39,6.3,6
3857280,2022,2022-12-02,21:00:00.000,Group Stage,Lusail Stadium,Ismail Elfath,Cameroon,Brazil,1,1,0,7,3,3,1,7,0,0,5,0,2,0.3834,2.3782,333,254,79,24.75,73,43,239,205,36,92,1,6,3,15,16,11,1,17,15,3,5,1,1,0,25,11,16,40,19,12,10,18,10,28,140,12,0,11,12,8,0,0,1,35.2,75,3,0,42.9,14.3,0.0548,0.6166,-1.9948,76.3,58.9,21.9,1.8,63.2,64.3,71,140,1.74,0.0,9.7,1,W,1,-14.8,45,13.5,9
3857280,2022,2022-12-02,21:00:00.000,Group Stage,Lusail Stadium,Ismail Elfath,Brazil,Cameroon,0,0,1,21,8,10,3,19,2,0,10,6,5,2.3782,0.3834,593,512,81,19.67,76,54,483,451,65,77,0,18,11,12,5,16,2,15,14,0,2,0,0,1,13,4,10,57,16,13,18,10,18,28,132,13,0,18,16,2,1,0,0,64.8,94,5,0,38.1,0.0,0.1132,-2.3782,1.9948,86.3,71.1,12.8,3.0,81.2,35.7,43,132,1.68,0.0,3.5,-1,L,0,14.8,44,7.4,3
3857293,2022,2022-12-02,17:00:00.000,Group Stage,Al Janoub Stadium   ,Daniel Siebert,Ghana,Uruguay,1,0,2,9,4,3,2,8,0,1,4,5,0,1.3927,1.6366,493,384,109,20.58,80,37,365,341,64,88,2,8,5,12,9,32,3,21,11,2,2,0,0,1,26,6,25,61,27,16,24,15,24,39,146,32,0,21,14,4,0,2,0,53.0,97,5,1,44.4,0.0,0.1547,-1.3927,-0.2439,77.9,46.2,16.2,1.6,59.3,38.5,84,146,1.74,0.0,4.1,-2,L,0,3.0,58,11.8,6
3857293,2022,2022-12-02,17:00:00.000,Group Stage,Al Janoub Stadium   ,Daniel Siebert,Uruguay,Ghana,0,2,0,12,6,5,1,11,1,0,10,0,2,1.6366,1.3927,469,364,105,21.12,94,59,339,320,61,88,3,11,2,18,6,24,1,11,19,0,5,0,0,2,30,10,23,49,29,17,15,24,15,39,147,14,0,19,13,3,0,1,1,47.0,90,5,1,50.0,16.7,0.1364,0.3634,0.2439,77.6,62.8,20.0,2.3,58.6,61.5,92,147,1.53,0.0,6.1,2,W,1,-3.0,50,10.7,5
3869117,2022,2022-12-03,17:00:00.000,Round of 16,Sheikh Khalifa International Stadium,Wilton Pereira Sampaio,Netherlands,United States,1,3,1,11,6,4,1,11,0,0,5,4,2,1.4819,1.6521,439,332,107,21.34,82,44,341,299,41,99,2,9,4,8,7,15,2,11,4,0,2,0,0,0,35,7,34,36,23,14,16,18,16,34,138,16,0,6,11,5,1,1,1,39.5,77,5,1,54.5,27.3,0.1347,1.5181,-0.1702,75.6,53.7,18.7,2.1,60.9,52.9,99,138,2.12,0.0,3.1,2,W,0,-10.5,34,7.7,8
3869117,2022,2022-12-03,17:00:00.000,Round of 16,Sheikh Khalifa International Stadium,Wilton Pereira Sampaio,United States,Netherlands,0,1,3,18,6,7,5,18,0,0,7,8,3,1.6521,1.4819,618,499,119,19.31,73,41,508,459,44,115,2,18,5,10,6,23,3,5,11,1,0,0,0,2,11,15,17,67,13,6,18,16,18,34,103,17,0,13,19,3,0,0,1,60.5,85,5,1,33.3,5.6,0.0918,-0.6521,0.1702,80.7,56.2,11.8,2.9,46.2,47.1,56,103,2.09,0.0,0.5,-2,L,0,10.5,44,7.1,4
3869151,2022,2022-12-03,21:00:00.000,Round of 16,Ahmad bin Ali Stadium,Szymon Marciniak,Argentina,Australia,1,2,1,14,5,7,2,14,0,0,5,9,0,1.4816,0.4261,728,646,82,18.45,68,48,619,558,95,75,7,5,1,15,4,24,2,9,16,1,0,0,0,4,25,16,13,47,16,10,17,15,17,32,127,23,0,4,14,1,0,1,2,63.7,84,5,0,35.7,14.3,0.1058,0.5184,1.0555,88.7,70.6,9.3,0.7,62.5,46.9,70,127,2.61,0.0,0.9,1,W,0,13.7,44,6.0,4
3869151,2022,2022-12-03,21:00:00.000,Round of 16,Ahmad bin Ali Stadium,Szymon Marciniak,Australia,Argentina,0,1,2,5,1,1,3,5,0,0,2,2,1,0.4261,1.4816,478,384,94,22.35,92,59,353,309,62,107,0,8,3,11,10,23,3,18,8,2,2,0,0,0,11,9,23,42,15,7,15,17,15,32,216,13,0,10,15,3,0,0,2,36.3,73,5,0,20.0,20.0,0.0852,0.5739,-1.0555,80.3,64.1,19.2,1.7,46.7,53.1,58,216,1.68,0.0,3.8,-1,L,0,-13.7,47,9.8,5
3869118,2022,2022-12-04,21:00:00.000,Round of 16,Al Bayt Stadium,Ivan Arcides Barton Cisneros,England,Senegal,1,3,0,8,4,4,0,8,0,0,5,2,0,1.02,0.9728,626,536,90,21.89,98,66,498,465,55,106,0,12,3,12,11,18,1,16,13,0,0,0,0,0,11,15,16,37,19,13,17,11,17,28,95,10,0,9,12,1,0,1,1,62.3,78,5,2,50.0,37.5,0.1275,1.98,0.0472,85.6,67.3,15.7,1.9,68.4,39.3,61,95,1.76,0.0,1.6,3,W,1,12.3,44,7.0,3
3869118,2022,2022-12-04,21:00:00.000,Round of 16,Al Bayt Stadium,Ivan Arcides Barton Cisneros,Senegal,England,0,0,3,10,1,5,4,8,2,0,6,3,1,0.9728,1.02,408,323,85,21.41,78,44,298,270,59,79,0,8,3,14,8,15,3,13,16,0,1,0,0,0,21,9,20,36,14,6,11,17,11,28,137,10,0,15,7,1,1,0,1,37.7,75,5,2,10.0,0.0,0.0973,-0.9728,-0.0472,79.2,56.4,19.1,2.0,42.9,60.7,64,137,1.64,0.0,2.3,-3,L,0,-12.3,40,9.8,3
3869152,2022,2022-12-04,17:00:00.000,Round of 16,Al Thumama Stadium,Jesús Valenzuela Sáez,France,Poland,1,3,1,16,8,6,2,15,1,0,9,6,1,1.1264,1.5935,593,505,88,19.43,82,48,482,452,62,79,1,15,7,7,11,19,1,11,10,1,1,0,0,2,12,15,18,38,9,6,12,18,12,30,117,13,0,17,13,1,0,2,0,55.3,78,4,0,50.0,18.8,0.0704,1.8736,-0.4671,85.2,58.5,13.8,2.5,66.7,60.0,54,117,1.27,0.0,2.1,2,W,0,5.3,44,7.4,3
3869152,2022,2022-12-04,17:00:00.000,Round of 16,Al Thumama Stadium,Jesús Valenzuela Sáez,Poland,France,0,1,3,12,2,4,6,10,1,1,8,2,2,1.5935,1.1264,488,406,82,21.41,77,40,388,367,40,81,0,15,1,10,5,13,4,10,10,0,2,0,0,0,22,8,16,45,20,13,18,12,18,30,120,11,0,7,13,5,2,0,1,44.7,74,5,0,16.7,8.3,0.1328,-0.5935,0.4671,83.2,51.9,15.8,3.1,65.0,40.0,66,120,2.25,0.0,3.0,-2,L,0,-5.3,29,5.9,8
3869219,2022,2022-12-05,17:00:00.000,Round of 16,Al Janoub Stadium   ,Ismail Elfath,Japan,Croatia,1,1,1,17,8,5,4,13,0,4,13,2,2,4.203,3.9884,582,436,146,21.76,101,37,439,381,79,122,0,18,8,16,8,29,3,13,15,0,0,0,0,3,34,21,31,70,11,6,40,26,40,66,133,14,0,11,16,3,1,2,1,40.4,121,5,2,47.1,5.9,0.2472,-3.203,0.2146,74.9,36.6,17.4,3.1,54.5,39.4,97,133,2.59,0.0,1.3,0,D,0,-9.6,61,10.5,7
3869219,2022,2022-12-05,17:00:00.000,Round of 16,Al Janoub Stadium   ,Ismail Elfath,Croatia,Japan,0,1,1,21,7,7,7,17,0,4,11,5,5,3.9884,4.203,796,657,139,20.23,128,70,629,571,80,145,2,24,5,16,9,28,3,16,13,1,2,0,0,0,43,10,34,62,15,11,26,40,26,66,150,5,0,9,21,3,1,1,1,59.6,111,6,2,33.3,4.8,0.1899,-2.9884,-0.2146,82.5,54.7,16.1,3.0,73.3,60.6,102,150,2.07,0.0,3.6,0,D,0,9.6,58,7.3,6
3869253,2022,2022-12-05,21:00:00.000,Round of 16,Stadium 974,Clément Turpin,Brazil,South Korea,1,4,1,18,10,6,2,16,1,1,10,6,1,3.2614,0.3448,641,566,75,18.75,69,53,535,534,44,63,2,11,5,15,6,15,2,8,11,0,0,0,0,0,10,8,16,42,20,12,12,7,12,19,103,21,0,10,9,5,0,0,0,54.9,87,5,3,55.6,22.2,0.1812,0.7386,2.9166,88.3,76.8,10.8,1.7,60.0,36.8,54,103,2.21,0.0,0.8,3,W,0,4.9,41,6.4,5
3869253,2022,2022-12-05,21:00:00.000,Round of 16,Stadium 974,Clément Turpin,South Korea,Brazil,0,1,4,8,6,2,0,8,0,0,6,2,0,0.3448,3.2614,555,476,79,19.77,80,52,443,448,38,69,1,9,4,8,8,13,5,12,8,1,1,0,0,4,15,22,21,38,20,12,7,12,7,19,175,13,0,13,8,6,2,0,0,45.1,77,5,3,75.0,12.5,0.0431,0.6552,-2.9166,85.8,65.0,14.4,1.6,60.0,63.2,78,175,1.81,0.0,2.2,-3,L,0,-4.9,33,5.9,8
3869220,2022,2022-12-06,17:00:00.000,Round of 16,Education City Stadium ,Fernando Andrés Rapallini,Morocco,Spain,1,0,0,10,6,3,0,5,1,4,6,3,1,3.7044,2.8455,365,250,115,24.35,87,34,249,203,31,131,2,7,0,17,13,29,2,19,14,1,1,0,0,5,35,18,20,51,27,16,14,15,14,29,177,16,0,9,20,1,3,0,0,26.6,107,6,0,60.0,0.0,0.3704,-3.7044,0.8589,68.5,39.1,23.8,1.9,59.3,51.7,100,177,1.76,0.0,2.9,0,D,1,-23.4,59,16.2,4
3869220,2022,2022-12-06,17:00:00.000,Round of 16,Education City Stadium ,Fernando Andrés Rapallini,Spain,Morocco,0,0,0,15,3,7,5,12,0,3,8,4,3,2.8455,3.7044,1068,960,108,19.87,116,82,897,889,83,96,6,21,8,20,10,32,2,14,18,0,1,0,0,4,10,9,18,50,14,8,15,14,15,29,152,21,0,18,27,2,0,1,0,73.4,123,6,0,20.0,0.0,0.1897,-2.8455,-0.8589,89.9,70.7,10.9,2.0,57.1,48.3,51,152,1.11,0.0,2.4,0,D,1,23.4,70,6.6,3
3869254,2022,2022-12-06,21:00:00.000,Round of 16,Lusail Stadium,César Arturo Ramos Palazuelos,Portugal,Switzerland,1,6,1,15,9,3,3,14,1,0,5,6,4,2.2843,1.2718,488,404,84,20.8,85,46,372,329,65,94,8,9,6,12,7,18,2,14,15,0,0,0,0,3,16,10,17,33,13,11,15,13,15,28,172,7,0,3,10,2,1,0,0,47.5,78,5,0,60.0,40.0,0.1523,3.7157,1.0125,82.8,54.1,17.4,1.8,84.6,46.4,56,172,2.54,0.0,1.4,5,W,0,-2.5,43,8.8,3
3869254,2022,2022-12-06,21:00:00.000,Round of 16,Lusail Stadium,César Arturo Ramos Palazuelos,Switzerland,Portugal,0,1,6,10,3,3,4,9,1,0,5,3,2,1.2718,2.2843,528,438,90,20.18,78,41,401,395,62,71,2,6,6,14,5,26,7,15,14,0,2,0,0,3,15,9,14,29,7,3,13,15,13,28,106,8,0,10,6,3,0,0,0,52.5,86,5,0,30.0,10.0,0.1272,-0.2718,-1.0125,83.0,52.6,14.8,1.1,42.9,53.6,45,106,1.81,0.0,3.5,-5,L,0,2.5,51,9.7,3
3869321,2022,2022-12-09,21:00:00.000,Quarter-finals,Lusail Stadium,Antonio Miguel Mateu Lahoz,Netherlands,Argentina,1,2,2,12,7,2,3,6,1,5,4,7,1,4.487,5.8567,691,572,119,22.23,119,76,528,500,70,121,3,14,2,19,9,29,4,37,20,0,8,1,1,1,27,24,12,49,14,10,19,21,19,40,216,21,0,11,11,3,1,1,3,50.3,118,5,2,58.3,16.7,0.3739,-2.487,-1.3697,82.8,63.9,17.2,2.0,71.4,52.5,77,216,2.23,0.0,14.7,0,D,0,0.3,59,8.5,8
3869321,2022,2022-12-09,21:00:00.000,Quarter-finals,Lusail Stadium,Antonio Miguel Mateu Lahoz,Argentina,Netherlands,0,2,2,19,9,6,4,12,1,6,10,8,1,5.8567,4.487,640,531,109,20.61,92,50,501,496,53,91,2,6,8,29,9,19,4,22,37,2,8,0,0,2,27,10,16,48,22,11,21,19,21,40,190,18,0,8,20,0,0,4,1,49.7,116,6,2,47.4,10.5,0.3082,-3.8567,1.3697,83.0,54.3,14.4,0.9,50.0,47.5,75,190,1.71,0.0,10.2,0,D,0,-0.3,65,10.2,5
3869420,2022,2022-12-09,17:00:00.000,Quarter-finals,Education City Stadium ,Michael Oliver,Croatia,Brazil,1,1,1,13,5,5,3,9,0,4,8,4,1,3.7669,4.9503,737,639,98,19.21,101,70,595,560,64,113,1,15,3,27,10,12,3,23,23,0,2,0,0,2,34,14,22,48,33,17,15,15,15,30,151,13,0,20,14,10,0,0,0,50.3,145,5,2,38.5,7.7,0.2898,-2.7669,-1.1834,86.7,69.3,13.7,2.0,51.5,50.0,103,151,1.41,0.0,4.3,0,D,0,0.3,52,7.1,10
3869420,2022,2022-12-09,17:00:00.000,Quarter-finals,Education City Stadium ,Michael Oliver,Brazil,Croatia,0,1,1,24,14,4,6,18,2,4,15,7,2,4.9503,3.7669,747,652,95,18.82,82,50,617,614,55,78,4,15,7,23,7,24,3,25,23,2,3,0,0,3,13,8,29,57,21,11,15,15,15,30,164,31,0,17,12,0,1,0,0,49.7,120,5,2,58.3,4.2,0.2063,-3.9503,1.1834,87.3,61.0,11.0,2.0,52.4,50.0,71,164,1.97,0.0,5.5,0,D,0,-0.3,61,8.2,1
3869354,2022,2022-12-10,21:00:00.000,Quarter-finals,Al Bayt Stadium,Wilton Pereira Sampaio,England,France,1,1,2,16,7,4,5,12,2,2,9,4,3,2.3526,0.8394,554,465,89,20.81,84,51,442,420,43,91,0,14,5,12,9,16,3,10,15,0,1,0,0,1,11,9,8,42,16,8,27,23,27,50,112,7,0,4,9,3,0,0,0,58.4,97,4,1,43.8,6.2,0.147,-1.3526,1.5132,83.9,60.7,15.2,2.5,50.0,46.0,44,112,3.23,0.0,2.0,-1,L,0,8.4,42,7.6,3
3869354,2022,2022-12-10,21:00:00.000,Quarter-finals,Al Bayt Stadium,Wilton Pereira Sampaio,France,England,0,2,1,8,5,2,1,8,0,0,1,4,3,0.8394,2.3526,412,328,84,22.9,86,50,306,270,52,90,0,9,2,11,5,14,2,15,10,0,3,0,0,2,17,7,14,34,8,4,23,27,23,50,118,10,0,12,11,6,1,2,0,41.6,83,1,1,62.5,25.0,0.1049,1.1606,-1.5132,79.6,58.1,20.9,2.2,50.0,54.0,46,118,1.48,0.0,4.5,1,W,0,-8.4,32,7.8,9
3869486,2022,2022-12-10,17:00:00.000,Quarter-finals,Al Thumama Stadium,Facundo Tello Figueroa,Morocco,Portugal,1,1,0,9,3,6,0,9,0,0,3,3,3,0.972,0.7441,249,184,65,25.36,64,34,163,153,28,68,1,4,3,11,15,11,1,18,9,1,3,1,1,2,35,15,25,50,12,7,16,12,16,28,163,16,0,6,21,3,2,2,0,24.9,67,5,0,33.3,11.1,0.108,0.028,0.2279,73.9,53.1,25.7,1.6,58.3,42.9,87,163,1.85,0.0,7.8,1,W,1,-25.1,40,16.1,7
3869486,2022,2022-12-10,17:00:00.000,Quarter-finals,Al Thumama Stadium,Facundo Tello Figueroa,Portugal,Morocco,0,0,1,12,3,6,3,12,0,0,6,2,4,0.7441,0.972,731,616,115,21.07,111,68,566,541,82,108,0,20,9,17,9,27,2,9,17,0,1,0,0,2,3,4,8,45,14,7,12,16,12,28,79,12,0,6,18,2,0,1,1,75.1,112,5,0,25.0,0.0,0.062,-0.7441,-0.2279,84.3,61.3,15.2,2.7,50.0,57.1,29,79,1.88,0.0,1.9,-1,L,0,25.1,62,8.5,4
3869519,2022,2022-12-13,21:00:00.000,Semi-finals,Lusail Stadium,Daniele Orsato,Argentina,Croatia,1,3,0,9,7,1,1,8,0,1,6,2,1,1.8644,0.4101,432,358,74,19.56,65,40,343,328,46,58,5,4,2,6,9,19,1,20,10,0,2,0,0,1,18,8,23,40,24,13,10,8,10,18,192,12,0,17,13,2,1,3,0,39.9,92,5,3,77.8,33.3,0.2072,1.1356,1.4543,82.9,61.5,15.0,0.9,54.2,44.4,73,192,1.33,0.0,4.0,3,W,1,-10.1,36,8.3,6
3869519,2022,2022-12-13,21:00:00.000,Semi-finals,Lusail Stadium,Daniele Orsato,Croatia,Argentina,0,0,3,12,2,7,3,11,1,0,5,5,2,0.4101,1.8644,648,559,89,18.07,59,35,548,525,52,71,1,12,4,15,4,21,4,10,20,0,2,0,0,0,8,12,12,50,21,15,8,10,8,18,98,23,0,14,8,4,1,0,1,60.1,92,5,3,16.7,0.0,0.0342,-0.4101,-1.4543,86.3,59.3,9.1,1.9,71.4,55.6,53,98,2.27,0.0,3.0,-3,L,0,10.1,44,6.8,6
3869552,2022,2022-12-14,21:00:00.000,Semi-finals,Al Bayt Stadium,César Arturo Ramos Palazuelos,France,Morocco,1,2,0,14,2,6,6,14,0,0,6,6,2,2.0024,1.2304,387,316,71,22.75,78,52,290,268,47,72,0,3,2,13,8,14,1,14,13,0,0,0,0,3,19,20,20,42,23,12,10,20,10,30,190,15,0,14,11,1,1,2,1,39.4,73,2,2,14.3,14.3,0.143,-0.0024,0.772,81.7,66.7,20.2,0.8,52.2,66.7,82,190,1.68,0.0,1.4,2,W,1,-10.6,37,9.6,5
3869552,2022,2022-12-14,21:00:00.000,Semi-finals,Al Bayt Stadium,César Arturo Ramos Palazuelos,Morocco,France,0,0,2,13,1,5,6,13,0,0,10,1,1,1.2304,2.0024,615,529,86,19.72,79,57,498,509,40,66,3,15,3,15,10,17,3,14,14,1,1,0,0,3,12,4,11,53,18,10,20,10,20,30,118,15,0,15,20,0,0,0,1,60.6,77,5,2,7.7,0.0,0.0946,-1.2304,-0.772,86.0,72.2,12.8,2.4,55.6,33.3,45,118,1.51,0.0,2.4,-2,L,0,10.6,45,7.3,1
3869684,2022,2022-12-17,17:00:00.000,3rd Place Final,Sheikh Khalifa International Stadium,Abdulrahman Ibrahim Al Jassim,Croatia,Morocco,1,2,1,12,4,5,3,12,0,0,8,2,2,0.8493,0.9915,528,439,89,21.33,78,51,420,380,65,83,1,12,6,13,12,14,2,14,15,0,0,0,0,2,19,8,13,40,16,12,10,15,10,25,113,10,0,7,14,1,0,1,0,50.7,86,4,0,33.3,16.7,0.0708,1.1507,-0.1422,83.1,65.4,14.8,2.3,75.0,60.0,56,113,1.9,0.0,1.4,1,W,0,0.7,45,8.5,2
3869684,2022,2022-12-17,17:00:00.000,3rd Place Final,Sheikh Khalifa International Stadium,Abdulrahman Ibrahim Al Jassim,Morocco,Croatia,0,1,2,9,2,5,2,9,0,0,0,4,5,0.9915,0.8493,512,431,81,20.45,78,48,394,395,41,76,0,13,3,15,11,19,3,15,14,0,2,0,0,2,16,16,15,44,10,5,15,10,15,25,144,13,0,11,12,2,1,1,1,49.3,87,5,0,22.2,11.1,0.1102,0.0085,0.1422,84.2,61.5,15.2,2.5,50.0,40.0,57,144,1.91,0.0,3.5,-1,L,0,-0.7,48,9.4,5
3869685,2022,2022-12-18,17:00:00.000,Final,Lusail Stadium,Szymon Marciniak,Argentina,France,1,3,3,24,14,6,4,19,0,5,15,8,1,5.8923,5.4066,693,560,133,20.17,97,55,551,475,90,128,5,17,6,22,6,26,5,29,18,3,5,0,0,3,26,13,26,59,26,15,24,17,24,41,167,21,0,19,16,2,1,1,1,55.5,118,6,4,58.3,12.5,0.2455,-2.8923,0.4857,80.8,56.7,14.0,2.5,57.7,41.5,91,167,1.69,0.0,7.9,0,D,0,5.5,60,8.7,5
3869685,2022,2022-12-18,17:00:00.000,Final,Lusail Stadium,Szymon Marciniak,France,Argentina,0,3,3,14,8,3,3,8,0,6,12,1,1,5.4066,5.8923,570,434,136,22.21,106,60,419,369,79,122,0,9,5,29,13,22,5,19,26,0,3,0,0,4,19,15,24,56,31,16,17,24,17,41,194,33,0,15,19,7,0,0,3,44.5,137,7,4,57.1,21.4,0.3862,-2.4066,-0.4857,76.1,56.6,18.6,1.6,51.6,58.5,89,194,1.65,0.0,4.9,0,D,0,-5.5,69,12.1,10
